DISTRICT_CODE,DISTRICT_KOR_NAME,SGG,CITY_CODE,MEME_PRICE,JEONSE_PRICE,PRICE_RATIO,MEME_MOM_AVG,MEME_YOY_AVG,PRICE_VOLATILITY,MEME_DECLINE_PCT,TOTAL_HOUSEHOLDS,TOTAL_POP,MALE_RATIO,AGE_UNDER20_PCT,AGE_20S_PCT,AGE_30S_PCT,AGE_40S_PCT,AGE_50S_PCT,AGE_60S_PCT,AGE_OVER70_PCT,FERTILITY_CBRT,FERTILITY_IMPUTED,AVG_INCOME,AVG_ASSET,HIGH_INCOME_PCT,EXECUTIVE_PCT,PREMIUM_40PY_RATIO,MULTI_HOUSING_RATIO,DELINQUENT_AMT,SAMPLE_SIZE,HIGH_CREDIT_PCT,MORTGAGE_BURDEN,CREDIT_CARD_INTENSITY,CASH_ADVANCE_PCT,NEW_CREDIT_PCT,INSTALLMENT_PCT,SEG_SINGLE_PCT,SEG_NEWLYWED_PCT,SEG_INFANT_PCT,SEG_TEEN_PCT,SEG_ADULT_CHILD_PCT,SEG_SENIOR_PCT,RESIDENT_RATIO,WORKER_RATIO,VISITOR_RATIO,FOOD_PCT,COFFEE_PCT,MEDICAL_PCT,ECOMMERCE_PCT,SALES_MONTHLY_AVG,SALES_PER_CAPITA_MONTHLY,EARLY_MORNING_RATIO,RUSH_HOUR_RATIO,LUNCH_TIME_RATIO,HAS_RICHGO_APT,RICHGO_IMPUTED,SPH_LOW_QUALITY,IS_GHOST_ECONOMY,UPDATED_AT,SALES_PER_CAPITA_MONTHLY_LN,DELINQUENT_AMT_CBRT,SALES_MONTHLY_AVG_LN,JEONSE_PRICE_LN,MEME_PRICE_LN,MEME_MOM_AVG_CBRT,TOTAL_POP_LN,TOTAL_HOUSEHOLDS_LN,MEME_YOY_AVG_LN,AVG_INCOME_LN,PRICE_VOLATILITY_LN,AVG_ASSET_LN,COFFEE_PCT_LN,MEDICAL_PCT_LN,EARLY_MORNING_RATIO_LN,AGE_50S_PCT_LN,ECOMMERCE_PCT_LN,HAS_ECOMMERCE,HIGH_INCOME_PCT_LN,CASH_ADVANCE_PCT_LN,AGE_60S_PCT_LN,AGE_OVER70_PCT_LN,LOW_RESIDENT_FLAG,AGE_DATA_RELIABLE,WORKER_DOMINANT
11140101,무교동,중구,11140,3995.442053973,2155.037715778,0.5510194224,0.095634375,3.744066667,2.075473425,0.3958333333,3742.5,8,0.625,0,0,0,0,0.375,0.25,0.375,0.3337584633,true,29413,329860,0.038,0.0126,0.2381,1,394,32965,0.0762,0.1203,1021,0.0383,0.0023,0.2644,0.3467,0.0472,0.0899,0.3236,0.1421,0.0505,0.1771,0.3855,0.4374,0.7687,0.015,0.006,0,178841,22355.1,0.0058,0.089,0.11,false,true,false,true,2026-04-25 08:14:40.931 -0700,10.014854493,7.331022326,12.094252422,7.675563504,8.292909504,0.4573040151,2.197224577,8.227509116,1.320172365,10.289192032,0.7301892841,12.706423601,0.01488861249,0.005982071678,0.005783244756,0.3184537311,0,false,0.03729578474,0.03758476033,0.2231435513,0.3184537311,true,true,false
11140102,다동,중구,11140,3995.442053973,2155.037715778,0.5510194224,0.095634375,3.744066667,2.075473425,0.3958333333,3742.5,45,0.6444,0,0.1778,0.0889,0.0889,0.1778,0.2444,0.2222,0,false,34352,357392,0.0713,0.0171,0.1964,1,594,12010,0.2039,0.1003,1681,0.0631,0.007,0.1515,0.426,0.0372,0.0868,0.2698,0.1301,0.0501,0.1617,0.4279,0.4104,0.4954,0.0203,0.0014,0.0198,504406,11209,0.037,0.1444,0.1326,false,true,false,true,2026-04-25 08:14:40.931 -0700,9.324561516,8.406100096,13.131136778,7.675563504,8.292909504,0.4573040151,3.828641396,8.227509116,1.320172365,10.44441552,0.7301892841,12.786588498,0.0200967017,0.001399020914,0.03633192925,0.1636482915,0.01960652964,true,0.06887286429,0.06118916831,0.218653486,0.2006525135,false,true,true
11140103,태평로1가,중구,11140,3995.442053973,2155.037715778,0.5510194224,0.095634375,3.744066667,2.075473425,0.3958333333,3742.5,4,0.5,0,0,0,0,0.25,0.5,0.25,0.3337584633,true,36126,357364,0.0964,0.024,0.0962,1,547,4940,0.1664,0.1226,2365,0.1722,0.0215,0.1428,0.1104,0.0326,0.0755,0.4634,0.235,0.0831,0.2113,0.3411,0.4476,0.1771,0.0105,0.0005,0.0003,1093664,273416,0.013,0.2082,0.3692,false,true,false,true,2026-04-25 08:14:40.931 -0700,12.518753381,8.178271602,13.905044085,7.675563504,8.292909504,0.4573040151,1.609437912,8.227509116,1.320172365,10.494768107,0.7301892841,12.786510149,0.01044525786,0.0004998750417,0.01291622527,0.2231435513,0.000299955009,true,0.09203208545,0.1588823251,0.4054651081,0.2231435513,true,true,false
11140104,을지로1가,중구,11140,3995.442053973,2155.037715778,0.5510194224,0.095634375,3.744066667,2.075473425,0.3958333333,3742.5,1,1,0,0,0,0,1,0,0,0.3337584633,true,29044,355697,0.0472,0.0068,0.2188,0.9399,41,28383,0.1001,0.0917,969,0.057,0.0036,0.128,0.3469,0.053,0.0896,0.329,0.1359,0.0456,0.1812,0.3617,0.4571,0.2624,0.0119,0.0028,0,165588,165588.3,0.0465,0.2554,0.2367,false,true,false,true,2026-04-25 08:14:40.931 -0700,12.017265905,3.448212972,12.017258055,7.675563504,8.292909504,0.4573040151,0.6931471806,8.227509116,1.320172365,10.276567201,0.7301892841,12.781834524,0.01182975175,0.002796087302,0.0454512629,0.6931471806,0,false,0.04611993561,0.05543470689,0,0,true,true,false
11140105,을지로2가,중구,11140,3995.442053973,2155.037715778,0.5510194224,0.095634375,3.744066667,2.075473425,0.3958333333,3742.5,45,0.7556,0,0.2222,0.1111,0.1111,0.2,0.2667,0.0889,0,false,34892,379976,0.0978,0.0236,0.2021,1,603,78305,0.1894,0.1106,2119,0.0483,0.0029,0.1743,0.1403,0.0302,0.1216,0.4138,0.2138,0.0805,0.1758,0.4444,0.3798,0.0083,0.0013,0.0001,0.0016,16297489,362166.4,0.0749,0.2344,0.3116,false,true,false,true,2026-04-25 08:14:40.931 -0700,12.799861815,8.448342472,16.606521605,7.675563504,8.292909504,0.4573040151,3.828641396,8.227509116,1.320172365,10.460012856,0.7301892841,12.847863372,0.001299155732,9.999500033e-05,0.072227634,0.1823215568,0.001598721364,true,0.09330817713,0.04716980448,0.2364150935,0.08516801237,false,true,true
11140106,남대문로1가,중구,11140,3995.442053973,2155.037715778,0.5510194224,0.095634375,3.744066667,2.075473425,0.3958333333,3742.5,0,0,0,0,0,0,0,0,0,0.3337584633,true,37810,298210,0,0,0.2501716418,0,0,12,0.25,0.3461,2517,0,0,0.0132,0.4835,0.0683,0.0944,0.2584,0.0749,0.0206,0.1203,0.4472,0.4325,0.7998,0.1379,0,0,16564,0,0.0281,0.1537,0.0679,false,true,true,true,2026-04-25 08:14:40.931 -0700,0,0,9.714986945,7.675563504,8.292909504,0.4573040151,0,8.227509116,1.320172365,10.540328897,0.7301892841,12.605553215,0.1291844584,0,0.02771243857,0,0,false,0,0,0,0,true,false,true
11140107,삼각동,중구,11140,3995.442053973,2155.037715778,0.5510194224,0.095634375,3.744066667,2.075473425,0.3958333333,3742.5,5,0.6,0,0,0,0,0,0.4,0.6,0.3337584633,true,28945,354856,0.079,0,0,0.0667,270,1124,0.1522,0.0898,1273,0.0592,0.0062,0.0656,0.2918,0.0522,0.1246,0.3603,0.1357,0.0355,0.1867,0.3813,0.432,0.4912,0.2069,0.0196,0,19448,3889.6,0.042,0.2293,0.1001,false,true,false,true,2026-04-25 08:14:40.931 -0700,8.266318666,6.463292009,9.875499516,7.675563504,8.292909504,0.4573040151,1.791759469,8.227509116,1.320172365,10.273152757,0.7301892841,12.779467352,0.1880550886,0.01941039352,0.04114194333,0,0,false,0.07603468628,0.0575139062,0.3364722366,0.4700036292,true,true,false
11140108,수하동,중구,11140,3995.442053973,2155.037715778,0.5510194224,0.095634375,3.744066667,2.075473425,0.3958333333,3742.5,0,0,0,0,0,0,0,0,0,0.3337584633,true,74817,450739,0.3423,0.0498,0.18,1,75,3943,0.4803,0.2396,5852,0.0499,0.0216,0.1796,0.364,0.0558,0.1102,0.3318,0.105,0.0332,0.1045,0.5444,0.3511,0.8095,0.1,0.0051,0,134830,0,0.0146,0.115,0.0703,false,true,false,true,2026-04-25 08:14:40.931 -0700,0,4.217157257,11.811770005,7.675563504,8.292909504,0.4573040151,0,8.227509116,1.320172365,11.222800411,0.7301892841,13.018643737,0.0953101798,0.005087039049,0.01449444615,0,0,false,0.2943845605,0.04869492154,0,0,true,false,true
11140109,장교동,중구,11140,3995.442053973,2155.037715778,0.5510194224,0.095634375,3.744066667,2.075473425,0.3958333333,3742.5,2,0.5,0,0,0,0,0.5,0,0.5,0.3337584633,true,50277,531742,0.1838,0.0448,0.1818,1,94,3252,0.4514,0.1679,5593,0.1598,0.0191,0.2445,0.2646,0.0467,0.1485,0.2975,0.1602,0.0825,0.1489,0.4839,0.3672,0.1103,0.0274,0.0037,0,41238,20619.2,0.0172,0.3359,0.2381,false,true,false,true,2026-04-25 08:14:40.931 -0700,9.934026457,4.546829058,10.62711544,7.675563504,8.292909504,0.4573040151,1.098612289,8.227509116,1.320172365,10.825302995,0.7301892841,13.183913688,0.02703133905,0.003693171838,0.01705375457,0.4054651081,0,false,0.1687296033,0.1482475765,0,0.4054651081,true,true,true
11140110,수표동,중구,11140,3995.442053973,2155.037715778,0.5510194224,0.095634375,3.744066667,2.075473425,0.3958333333,3742.5,1,1,0,0,0,0,0,0,1,0.3337584633,true,53492,395705,0.2124,0.0133,0.0286,1,272,2015,0.569,0.3172,6197,0.0232,0.0164,0.1494,0.359,0.0528,0.0952,0.2793,0.1394,0.0743,0.1946,0.3339,0.4715,0.4266,0.0319,0.0341,0,72992,72991.8,0.0259,0.1529,0.2054,false,true,false,true,2026-04-25 08:14:40.931 -0700,11.198116085,6.479211495,11.198105125,7.675563504,8.292909504,0.4573040151,0.6931471806,8.227509116,1.320172365,10.887287389,0.7301892841,12.888424263,0.03140176314,0.03353148321,0.02557027611,0,0,false,0.1926018662,0.02293497128,0,0.6931471806,true,true,false
11140111,소공동,중구,11140,3995.442053973,2155.037715778,0.5510194224,0.095634375,3.744066667,2.075473425,0.3958333333,3742.5,1,1,0,0,0,0,0,0,1,0.3337584633,true,44376,401532,0.1027,0.0198,0.1474,0.6295,1303,11905,0.2577,0.1571,3208,0.1063,0.0156,0.1749,0.3788,0.0785,0.097,0.2388,0.1378,0.0691,0.2104,0.2583,0.5312,0.0186,0.0005,0.0002,0.0041,2044768,2044767.9,0.0099,0.2379,0.2988,false,true,false,true,2026-04-25 08:14:40.931 -0700,14.530795334,10.922291598,14.530794894,7.675563504,8.292909504,0.4573040151,0.6931471806,8.227509116,1.320172365,10.700454062,0.7301892841,12.90304251,0.0004998750417,0.0001999800027,0.00985131605,0,0.004091617903,true,0.09776171778,0.1010211141,0,0.6931471806,true,true,false
11140112,남창동,중구,11140,3995.442053973,2155.037715778,0.5510194224,0.095634375,3.744066667,2.075473425,0.3958333333,3742.5,401,0.4988,0.0524,0.0773,0.0923,0.1122,0.1596,0.2394,0.2668,0.4856369019,false,28173,298207,0.009,0.0097,0.0012,0.2947,572,12004,0.4187,0.0759,1609,0.0612,0.0095,0.2591,0.1496,0.0265,0.0898,0.3496,0.2573,0.1273,0.2691,0.3123,0.4186,0.3012,0.0152,0.0068,0,148824,371.1,0.0157,0.2126,0.2562,false,true,false,false,2026-04-25 08:14:40.931 -0700,5.919162635,8.301012932,11.910519679,7.675563504,8.292909504,0.4573040151,5.996452089,8.227509116,1.320172365,10.246119351,0.7301892841,12.605543155,0.01508563742,0.006776984279,0.01557802996,0.1480751181,0,false,0.008959741371,0.05940034328,0.2146273915,0.2364940357,false,true,false
11140113,북창동,중구,11140,3995.442053973,2155.037715778,0.5510194224,0.095634375,3.744066667,2.075473425,0.3958333333,3742.5,166,0.6024,0.0241,0.1446,0.2108,0.1627,0.1446,0.1867,0.1265,0.3520008911,false,27112,214850,0.0106,0.0153,0.1579,0.5067,554,6200,0.1511,0.0827,975,0.0568,0.0077,0.1597,0.3644,0.0494,0.0879,0.318,0.1144,0.0659,0.2486,0.2656,0.4858,0.8644,0.0244,0.0004,0,195850,1179.8,0.0047,0.0766,0.0473,false,true,false,true,2026-04-25 08:14:40.931 -0700,7.073947454,8.213009788,12.185104339,7.675563504,8.292909504,0.4573040151,5.117993812,8.227509116,1.320172365,10.207731713,0.7301892841,12.277695389,0.02410707534,0.0003999200213,0.004688989486,0.135055231,0,false,0.01054421388,0.05524547423,0.1711763457,0.1191154809,false,true,false
11140114,태평로2가,중구,11140,3995.442053973,2155.037715778,0.5510194224,0.095634375,3.744066667,2.075473425,0.3958333333,3742.5,62,0.7258,0.0161,0.1452,0.2097,0.1613,0.1452,0.1613,0.1613,0,false,33617,234672,0.0909,0.0119,0.213,1,91,37593,0.2265,0.1485,2237,0.0674,0.0045,0.1059,0.2026,0.0352,0.0978,0.3663,0.2241,0.074,0.2251,0.3059,0.469,0.2256,0.0148,0.0022,0.0122,595822,9610,0.0183,0.3387,0.2053,false,true,false,true,2026-04-25 08:14:40.931 -0700,9.170663555,4.497934682,13.297697244,7.675563504,8.292909504,0.4573040151,4.143134726,8.227509116,1.320172365,10.42278717,0.7301892841,12.365944073,0.01469154874,0.002197583543,0.0181345702,0.1355792942,0.0121261798,true,0.08700304362,0.06522578492,0.1495400673,0.1495400673,false,true,false
11140115,남대문로2가,중구,11140,3995.442053973,2155.037715778,0.5510194224,0.095634375,3.744066667,2.075473425,0.3958333333,3742.5,1,1,0,0,0,0,0,1,0,0.3337584633,true,25888,325730,0,0,0.2501716418,0.6181852941,0,179,0.0112,0,30,0,0,0.0188,0.4901,0.0481,0.0919,0.2181,0.1006,0.0513,0.2519,0.2877,0.4604,0.2066,0.1507,0.0161,0,8420,8419.9,0.0076,0.0843,0.2279,false,true,true,true,2026-04-25 08:14:40.931 -0700,9.03847199,0,9.038365107,7.675563504,8.292909504,0.4573040151,0.6931471806,8.227509116,1.320172365,10.16153482,0.7301892841,12.693824096,0.1403704528,0.01597176951,0.007571265496,0,0,false,0,0,0.6931471806,0,true,true,false
11140116,남대문로3가,중구,11140,3995.442053973,2155.037715778,0.5510194224,0.095634375,3.744066667,2.075473425,0.3958333333,3742.5,10,0.4,0,0,0.1,0,0.2,0.3,0.4,0.3337584633,true,37678.814286,380318.1,0.08782714286,0.02147142857,0.2501716418,0.6181852941,547.042857,0,0.3408628571,0.13839,3235.942857,0.0562942857,0.0117271429,0.1809842857,0.1758,0.0406,0.0839,0.3125,0.1636,0.2237,0.31,0.2318,0.4582,0.8035,0.016,0.1461,0,24379,2437.9,0.0066,0.0861,0.0724,false,true,true,true,2026-04-25 08:14:40.931 -0700,7.799302397,8.178485183,10.101477385,7.675563504,8.292909504,0.4573040151,2.397895273,8.227509116,1.320172365,10.53685326,0.7301892841,12.848763287,0.01587334916,0.1363648745,0.00657831536,0.1823215568,0,false,0.08418225976,0.0547668261,0.2623642645,0.3364722366,false,true,false
11140117,남대문로4가,중구,11140,3995.442053973,2155.037715778,0.5510194224,0.095634375,3.744066667,2.075473425,0.3958333333,3742.5,4,0.75,0,0,0.5,0,0.25,0,0.25,0.3337584633,true,40290,354778,0.1074,0.0205,0.0476,0.3288,207,4383,0.2649,0.0975,2315,0.1353,0.0112,0.159,0.2171,0.0403,0.1213,0.3447,0.1939,0.0827,0.245,0.3369,0.418,0.0034,0.0001,0,0.4785,15557451,3889362.8,0.0372,0.3637,0.2527,false,true,false,true,2026-04-25 08:14:40.931 -0700,15.173756155,5.915471185,16.560050246,7.675563504,8.292909504,0.4573040151,1.609437912,8.227509116,1.320172365,10.603858578,0.7301892841,12.779247521,9.999500033e-05,0,0.03652477468,0.2231435513,0.3910280603,true,0.1020149254,0.1268969332,0,0.2231435513,true,true,false
11140118,남대문로5가,중구,11140,3995.442053973,2155.037715778,0.5510194224,0.095634375,3.744066667,2.075473425,0.3958333333,3742.5,669,0.704,0.0538,0.0404,0.0568,0.0807,0.1988,0.3318,0.2377,0.5506503541,false,39332,967389,0.0988,0.0363,0.991,0.6205,1023,52798,0.2878,0.0681,2979,0.0459,0.0078,0.1684,0.3164,0.0414,0.1224,0.3461,0.1357,0.0381,0.2832,0.3505,0.3664,0.0552,0.0045,0.0044,0.2377,6263223,9362.1,0.1541,0.2557,0.1698,false,true,false,true,2026-04-25 08:14:40.931 -0700,9.144531711,10.076063009,15.650205467,7.675563504,8.292909504,0.4573040151,6.507277712,8.227509116,1.320172365,10.579793716,0.7301892841,13.782355969,0.004489905273,0.004390348301,0.1433208194,0.1813210565,0.2132548186,true,0.09421867524,0.04487775878,0.2865314107,0.2132548186,false,true,false
11140119,봉래동1가,중구,11140,3995.442053973,2155.037715778,0.5510194224,0.095634375,3.744066667,2.075473425,0.3958333333,3742.5,41,0.9756,0,0,0.0244,0.1463,0.3659,0.3659,0.0976,0.3337584633,true,40129,333753,0.1043,0.0068,0.3636,1,0,2638,0.2209,0.1802,2884,0.114,0.0144,0.14,0.2097,0.0406,0.0724,0.3906,0.1981,0.0886,0.2253,0.3716,0.4031,0.3835,0.0475,0.0146,0,79512,1939.3,0.0726,0.2045,0.1468,false,true,false,true,2026-04-25 08:14:40.931 -0700,7.570597879,0,11.283663233,7.675563504,8.292909504,0.4573040151,3.737669618,8.227509116,1.320172365,10.599854544,0.7301892841,12.718156477,0.04640637281,0.01449444615,0.07008560757,0.311813552,0,false,0.09921165007,0.1079571415,0.311813552,0.09312597799,false,true,false
11140120,봉래동2가,중구,11140,3995.442053973,2155.037715778,0.5510194224,0.095634375,3.744066667,2.075473425,0.3958333333,3742.5,0,0,0,0,0,0,0,0,0,0.3337584633,true,37678.814286,380318.1,0.08782714286,0.02147142857,0.2501716418,0.6181852941,547.042857,0,0.3408628571,0.13839,3235.942857,0.0562942857,0.0117271429,0.1809842857,0.2965,0.0408,0.0825,0.3011,0.1927,0.0864,0.2988,0.2128,0.4883,0.0709,0.0375,0.0012,0,92169,0,0.003,0.1259,0.3331,false,true,true,true,2026-04-25 08:14:40.931 -0700,0,8.178485183,11.431379127,7.675563504,8.292909504,0.4573040151,0,8.227509116,1.320172365,10.53685326,0.7301892841,12.848763287,0.03681397312,0.001199280575,0.00299550898,0,0,false,0.08418225976,0.0547668261,0,0,true,false,false
11140121,회현동1가,중구,11140,3995.442053973,2155.037715778,0.5510194224,0.095634375,3.744066667,2.075473425,0.3958333333,3742.5,3171,0.4787,0.0899,0.1085,0.1473,0.1208,0.1681,0.1829,0.1826,0.5197664936,false,40823,599533,0.0883,0.0424,0.6223,0.4369,1949,118419,0.461,0.1627,4285,0.056,0.0126,0.1993,0.282,0.0543,0.0951,0.3201,0.177,0.0714,0.3612,0.2672,0.3716,0.1055,0.004,0.0025,0,431832,136.2,0.0068,0.3494,0.1988,false,true,false,false,2026-04-25 08:14:40.931 -0700,4.921439715,12.491162257,12.975791903,7.675563504,8.292909504,0.4573040151,8.062117583,8.227509116,1.320172365,10.617000927,0.7301892841,13.303906298,0.00399202127,0.002496880199,0.006776984279,0.1553784972,0,false,0.08461684572,0.05448818528,0.1679690506,0.1677154044,false,true,false
11140122,회현동2가,중구,11140,3995.442053973,2155.037715778,0.5510194224,0.095634375,3.744066667,2.075473425,0.3958333333,3742.5,795,0.4541,0.1031,0.117,0.1145,0.1182,0.1723,0.1912,0.1836,0.5166253386,false,52391,954622,0.1579,0.0854,0.338,0.3848,848,17931,0.5036,0.173,5718,0.0492,0.0146,0.1911,0.4099,0.0401,0.1381,0.2756,0.1026,0.0338,0.3542,0.2684,0.3774,0.0069,0.9914,0.0001,0,1445398,1818.1,0.1164,0.2252,0.1737,false,true,false,true,2026-04-25 08:14:40.931 -0700,7.506097152,9.465225708,14.183895274,7.675563504,8.292909504,0.4573040151,6.679599186,8.227509116,1.320172365,10.8664901,0.7301892841,13.76907073,0.688837909,9.999500033e-05,0.1101092227,0.1589676311,0,false,0.1466080196,0.04802796901,0.1749612024,0.1685606415,false,true,false
11140123,회현동3가,중구,11140,3995.442053973,2155.037715778,0.5510194224,0.095634375,3.744066667,2.075473425,0.3958333333,3742.5,37,0.3784,0.2432,0.1892,0.1622,0.0811,0.0541,0.1081,0.1622,0,false,27220,91727,0,0,0.2501716418,0,74,359,0.1254,0.1556,586,0,0,0.2394,0.4062,0.053,0.0779,0.2504,0.1332,0.0794,0.3453,0.2076,0.4471,0.466,0.0159,0.0221,0,11880,321.1,0.0237,0.0914,0.2843,false,true,true,true,2026-04-25 08:14:40.931 -0700,5.774862056,4.198330431,9.382611593,7.675563504,8.292909504,0.4573040151,3.63758616,8.227509116,1.320172365,10.211707276,0.7301892841,11.426572053,0.01577491912,0.02185933435,0.02342351494,0.05268732228,0,false,0,0,0.102646837,0.1503147607,false,true,false
11140124,충무로1가,중구,11140,3995.442053973,2155.037715778,0.5510194224,0.095634375,3.744066667,2.075473425,0.3958333333,3742.5,11,0.6364,0.0909,0,0.0909,0.1818,0.1818,0.3636,0.0909,0.3337584633,true,31593,366574,0.0385,0.0074,0.0588,1,70,4616,0.1563,0.0721,1449,0.0167,0.0084,0.1393,0.2919,0.0773,0.1081,0.2862,0.1543,0.0822,0.2431,0.2891,0.4678,0.0328,0.0026,0.0028,0.0001,1001232,91021.1,0.0042,0.2041,0.3336,false,true,false,true,2026-04-25 08:14:40.931 -0700,11.418857613,4.121279463,13.8167418,7.675563504,8.292909504,0.4573040151,2.48490665,8.227509116,1.320172365,10.360690856,0.7301892841,12.81195569,0.002596625847,0.002796087302,0.004191204618,0.1670386999,9.999500033e-05,true,0.03777736433,0.0165620883,0.3101282613,0.08700304362,false,true,false
11140125,충무로2가,중구,11140,3995.442053973,2155.037715778,0.5510194224,0.095634375,3.744066667,2.075473425,0.3958333333,3742.5,256,0.4922,0.0195,0.4102,0.3164,0.0938,0.0781,0.0469,0.0352,0.217230379,false,25924,232761,0.029,0.0142,0.1111,1,178,3999,0.1188,0.0473,1797,0.0177,0.0068,0.1426,0.4121,0.0437,0.0804,0.2808,0.1247,0.0584,0.2629,0.2493,0.4879,0.379,0.028,0.0076,0,120138,469.3,0.0278,0.1277,0.1727,false,true,false,false,2026-04-25 08:14:40.931 -0700,6.153370789,5.625216612,11.696396361,7.675563504,8.292909504,0.4573040151,5.549076085,8.227509116,1.320172365,10.16292446,0.7301892841,12.357767455,0.02761516703,0.007571265496,0.02742059558,0.07520023256,0,false,0.02858745685,0.01754517922,0.04583341634,0.03459464476,false,true,false
11140126,명동1가,중구,11140,3995.442053973,2155.037715778,0.5510194224,0.095634375,3.744066667,2.075473425,0.3958333333,3742.5,7,0.7143,0,0.1429,0.1429,0,0.1429,0.2857,0.2857,0.3337584633,true,23214,323386,0.0067,0.0071,0.25,1,21,47876,0.0413,0.0067,286,0.0328,0.0004,0.0717,0.4713,0.0509,0.0757,0.2471,0.1018,0.0532,0.2072,0.3422,0.4506,0.3188,0.016,0.0064,0,156095,22299.3,0.0116,0.1214,0.2077,false,true,false,true,2026-04-25 08:14:40.931 -0700,10.01235541,2.758921377,11.958220075,7.675563504,8.292909504,0.4573040151,2.079441542,8.227509116,1.320172365,10.052510824,0.7301892841,12.686601935,0.01587334916,0.006379606964,0.01153323581,0.1335688919,0,false,0.006677654753,0.03227356055,0.2513033171,0.2513033171,true,true,false
11140127,명동2가,중구,11140,3995.442053973,2155.037715778,0.5510194224,0.095634375,3.744066667,2.075473425,0.3958333333,3742.5,511,0.1037,0.002,0.0039,0.0489,0.137,0.227,0.2485,0.3327,0,false,25752,327335,0.0068,0.0197,0.2667,1,80,22989,0.2522,0.0048,1084,0.047,0.0007,0.0661,0.4395,0.0445,0.0808,0.2558,0.1147,0.0648,0.2304,0.2811,0.4885,0.5829,0.0123,0.0105,0,119631,234.1,0.0049,0.154,0.1838,false,true,false,false,2026-04-25 08:14:40.931 -0700,5.460010956,4.308863086,11.692167284,7.675563504,8.292909504,0.4573040151,6.238324625,8.227509116,1.320172365,10.156267573,0.7301892841,12.69873939,0.01222496962,0.01044525786,0.004888034073,0.2045721657,0,false,0.006776984279,0.04592893189,0.2219428307,0.2872069596,false,true,false
11140128,남산동1가,중구,11140,3995.442053973,2155.037715778,0.5510194224,0.095634375,3.744066667,2.075473425,0.3958333333,3742.5,129,0.5349,0.0698,0.093,0.1008,0.2171,0.1473,0.0853,0.2868,0.4811019307,false,30875,557316,0.0342,0.0668,0.375,1,238,3405,0.3543,0.0346,2225,0.1622,0.0112,0.1387,0.4324,0.0965,0.0742,0.1977,0.1513,0.0478,0.3518,0.1922,0.456,0.6739,0.009,0.0399,0,14722,114.1,0.0106,0.0924,0.1426,false,true,false,false,2026-04-25 08:14:40.931 -0700,4.745801316,6.197143131,9.597098253,7.675563504,8.292909504,0.4573040151,4.86753445,8.227509116,1.320172365,10.337702074,0.7301892841,13.230887683,0.008959741371,0.03912455468,0.01054421388,0.1374113558,0,false,0.03362818098,0.1503147607,0.08185644647,0.2521585164,false,true,false
11140129,남산동2가,중구,11140,3995.442053973,2155.037715778,0.5510194224,0.095634375,3.744066667,2.075473425,0.3958333333,3742.5,499,0.497,0.0922,0.0982,0.1503,0.1583,0.1924,0.1864,0.1222,0.4862982294,false,31101,272488,0.0191,0.0144,0.0185,0.2686,402,20427,0.3229,0.1064,2143,0.0566,0.0101,0.246,0.3799,0.0421,0.0938,0.2929,0.1192,0.0721,0.3465,0.2014,0.4521,0.2573,0.0241,0,0,72559,145.4,0.0096,0.314,0.1183,false,true,false,false,2026-04-25 08:14:40.931 -0700,4.986342602,7.38030794,11.192155303,7.675563504,8.292909504,0.4573040151,6.214608098,8.227509116,1.320172365,10.344995252,0.7301892841,12.515349855,0.0238141781,0,0.009554212805,0.1759680828,0,false,0.01891988485,0.05505620575,0.1709235118,0.1152910443,false,true,false
11140130,남산동3가,중구,11140,3995.442053973,2155.037715778,0.5510194224,0.095634375,3.744066667,2.075473425,0.3958333333,3742.5,37,0.5676,0,0.1351,0.1351,0.1622,0.1892,0.1622,0.2162,0,false,28025,372203,0.0277,0.0083,0.4,0.5135,0,1443,0.1859,0.0241,1897,0.0472,0.009,0.349,0.2608,0.0308,0.0831,0.362,0.1896,0.0737,0.3117,0.2034,0.4849,0.49,0.0032,0.001,0,11162,301.7,0.0087,0.1017,0.1566,false,true,false,true,2026-04-25 08:14:40.931 -0700,5.712742216,0,9.320270431,7.675563504,8.292909504,0.4573040151,3.63758616,8.227509116,1.320172365,10.240852248,0.7301892841,12.827194683,0.003194890897,0.0009995003331,0.008662373079,0.1732808121,0,false,0.02732329565,0.04611993561,0.1503147607,0.1957312437,false,true,false
11140131,저동1가,중구,11140,3995.442053973,2155.037715778,0.5510194224,0.095634375,3.744066667,2.075473425,0.3958333333,3742.5,15,0.4667,0.1333,0,0.1333,0.1333,0.2,0.2667,0.1333,0,false,70731,483486,0.4865,0.0385,0.125,1,441,1304,0.706,0.2351,9006,0.0434,0.0345,0.151,0.3512,0.0477,0.1171,0.3069,0.1082,0.069,0.2533,0.3623,0.3844,0.5384,0.0501,0.0018,0,23469,1564.6,0.0214,0.2222,0.1923,false,true,false,true,2026-04-25 08:14:40.931 -0700,7.356024416,7.611647162,10.06343568,7.675563504,8.292909504,0.4573040151,2.772588722,8.227509116,1.320172365,11.166639228,0.7301892841,13.088777638,0.04888539773,0.001798381941,0.02117423523,0.1823215568,0,false,0.3964243635,0.04248461161,0.2364150935,0.1251337308,false,true,false
11140132,충무로4가,중구,11140,3995.442053973,2155.037715778,0.5510194224,0.095634375,3.744066667,2.075473425,0.3958333333,3742.5,1497,0.487,0.0982,0.1009,0.1316,0.1276,0.179,0.1977,0.165,0.5608767364,false,37274,614857,0.0707,0.0411,0.3707,0.4814,1698,40891,0.4554,0.1879,4044,0.0482,0.0105,0.2033,0.3361,0.0323,0.0474,0.2948,0.1871,0.1024,0.3617,0.2449,0.3934,0.3346,0.0047,0.0028,0,78188,52.2,0.0203,0.2455,0.1619,false,true,false,false,2026-04-25 08:14:40.931 -0700,3.974058396,11.930120181,11.266871462,7.675563504,8.292909504,0.4573040151,7.311886164,8.227509116,1.320172365,10.526051312,0.7301892841,13.329144999,0.004688989486,0.002796087302,0.0200967017,0.1646666216,0,false,0.06831264018,0.04707440739,0.180403051,0.152721087,false,true,false
11140133,충무로5가,중구,11140,3995.442053973,2155.037715778,0.5510194224,0.095634375,3.744066667,2.075473425,0.3958333333,3742.5,594,0.4529,0.0152,0.33,0.3232,0.1077,0.0976,0.0724,0.0539,0.1625802902,false,29777,250989,0.0369,0.0126,0.3376,0.3308,672,39931,0.2679,0.1672,2180,0.036,0.0102,0.2036,0.4326,0.0324,0.052,0.2294,0.1713,0.0824,0.3467,0.2925,0.3608,0.5662,0.0253,0.0004,0,28532,48,0.0187,0.1465,0.1842,false,true,false,false,2026-04-25 08:14:40.931 -0700,3.891820298,8.759019272,10.258781543,7.675563504,8.292909504,0.4573040151,6.388561406,8.227509116,1.320172365,10.301491562,0.7301892841,12.433164392,0.02498525269,0.0003999200213,0.01852730461,0.09312597799,0,false,0.03623549258,0.03536714384,0.06989912738,0.05249756896,false,true,false
11140134,인현동2가,중구,11140,3995.442053973,2155.037715778,0.5510194224,0.095634375,3.744066667,2.075473425,0.3958333333,3742.5,1116,0.4937,0.0394,0.1541,0.3432,0.1577,0.103,0.112,0.0905,0.3436146629,false,37408,282539,0.0664,0.0206,0.004,0.3336,2134,25283,0.533,0.248,3976,0.0489,0.0215,0.1862,0.3534,0.0466,0.0513,0.2487,0.2077,0.0924,0.2323,0.3443,0.4233,0.4646,0.0154,0.0005,0,31813,28.5,0.0084,0.1628,0.1762,false,true,false,false,2026-04-25 08:14:40.931 -0700,3.384390263,12.874499715,10.36763029,7.675563504,8.292909504,0.4573040151,7.018401799,8.227509116,1.320172365,10.529639864,0.7301892841,12.551571873,0.01528262353,0.0004998750417,0.008364916332,0.09803374027,0,false,0.06428848988,0.04774199599,0.1061601958,0.08663630666,false,true,false
11140135,예관동,중구,11140,3995.442053973,2155.037715778,0.5510194224,0.095634375,3.744066667,2.075473425,0.3958333333,3742.5,21,0.5714,0.0476,0,0.0952,0,0.2381,0.381,0.2381,1,false,31136,331044,0.0454,0.0237,0.2593,1,31,1998,0.3228,0.0225,2182,0.056,0.016,0.1815,0.2534,0.0373,0.061,0.2912,0.2098,0.1473,0.3054,0.341,0.3536,0.1765,0,0.0003,0,21400,1019,0.0317,0.2013,0.2751,false,true,false,true,2026-04-25 08:14:40.931 -0700,6.927557906,3.141377057,9.971146201,7.675563504,8.292909504,0.4573040151,3.091042453,8.227509116,1.320172365,10.346119985,0.7301892841,12.710006576,0,0.000299955009,0.03120792712,0.2135779464,0,false,0.0443995873,0.05448818528,0.3228078744,0.2135779464,false,true,false
11140136,묵정동,중구,11140,3995.442053973,2155.037715778,0.5510194224,0.095634375,3.744066667,2.075473425,0.3958333333,3742.5,1238,0.475,0.0679,0.252,0.2504,0.143,0.101,0.0897,0.0961,0.3857324541,false,29153,268608,0.0238,0.0095,0.0057,0.3599,136,49844,0.3323,0.1376,2338,0.04,0.011,0.1932,0.5357,0.0404,0.0512,0.1951,0.1252,0.0525,0.4495,0.2243,0.3263,0.3931,0.0046,0.023,0,20275,16.4,0.0093,0.2552,0.2791,false,true,false,false,2026-04-25 08:14:40.931 -0700,2.856470206,5.14255476,9.917143879,7.675563504,8.292909504,0.4573040151,7.122059882,8.227509116,1.320172365,10.280313102,0.7301892841,12.501008347,0.004589452334,0.02273948697,0.009257021263,0.09621885774,0,false,0.02352119504,0.03922071315,0.085902429,0.09175842524,false,true,false
11140137,필동1가,중구,11140,3995.442053973,2155.037715778,0.5510194224,0.095634375,3.744066667,2.075473425,0.3958333333,3742.5,173,0.4913,0.0578,0.1908,0.3121,0.0925,0.1387,0.1156,0.0925,0,false,30517,271361,0.0351,0.0031,0.0023,0.9545,127,5266,0.2905,0.1335,3101,0.0157,0.0084,0.1889,0.3051,0.0358,0.0607,0.3424,0.1661,0.0898,0.2727,0.3243,0.403,0.5943,0.0323,0.003,0,48899,282.7,0.014,0.1498,0.1478,false,true,false,false,2026-04-25 08:14:40.931 -0700,5.647917342,5.026517579,10.797512225,7.675563504,8.292909504,0.4573040151,5.159055299,8.227509116,1.320172365,10.326039184,0.7301892841,12.511205317,0.03178932249,0.00299550898,0.01390290517,0.1298872608,0,false,0.03449804041,0.01557802996,0.1093923768,0.08846864799,false,true,false
11140138,필동2가,중구,11140,3995.442053973,2155.037715778,0.5510194224,0.095634375,3.744066667,2.075473425,0.3958333333,3742.5,848,0.5283,0.0637,0.1439,0.1816,0.1297,0.1462,0.1875,0.1474,0.5492683362,false,25696,276774,0.0168,0.0107,0.3373,0.461,137,32695,0.2439,0.0442,1647,0.0571,0.0082,0.2245,0.4475,0.0438,0.0534,0.2315,0.1474,0.0764,0.3074,0.2479,0.4447,0.4973,0.0285,0.0048,0,129660,152.9,0.0182,0.1287,0.2482,false,true,false,false,2026-04-25 08:14:40.931 -0700,5.036303041,5.155128281,11.772670919,7.675563504,8.292909504,0.4573040151,6.744059186,8.227509116,1.320172365,10.154090617,0.7301892841,12.530956568,0.02810143011,0.004788516732,0.01803636249,0.1364521231,0,false,0.01666044089,0.05552930979,0.1718502569,0.1374985132,false,true,false
11140139,필동3가,중구,11140,3995.442053973,2155.037715778,0.5510194224,0.095634375,3.744066667,2.075473425,0.3958333333,3742.5,955,0.5068,0.0691,0.2754,0.1435,0.1037,0.1372,0.1319,0.1393,0.3263876364,false,27309,236166,0.0182,0.0046,0.5276,0.5379,227,59000,0.2759,0.0681,1636,0.0128,0.0037,0.1861,0.499,0.0347,0.0447,0.2006,0.1542,0.0667,0.3715,0.2942,0.3343,0.3947,0.0307,0.0018,0,84978,89,0.0082,0.1744,0.1993,false,true,false,false,2026-04-25 08:14:40.931 -0700,4.49980967,6.100159169,11.350147678,7.675563504,8.292909504,0.4573040151,6.862757913,8.227509116,1.320172365,10.214971597,0.7301892841,12.372290227,0.03023818306,0.001798381941,0.008166562666,0.1285691008,0,false,0.01803636249,0.01271877241,0.1238976367,0.1304140387,false,true,false
11140140,남학동,중구,11140,3995.442053973,2155.037715778,0.5510194224,0.095634375,3.744066667,2.075473425,0.3958333333,3742.5,32,0.5938,0,0.0625,0.0313,0.0938,0.0938,0.3125,0.4063,0,false,28707,150328,0.024,0,1,0.8571,0,750,0.3093,0.1901,1345,0.0735,0.0267,0.2535,0.3797,0.0599,0.0564,0.2899,0.1774,0.0366,0.3014,0.3209,0.3778,0.3018,0,0,0,5951,186,0.0487,0.0833,0.2821,false,true,false,true,2026-04-25 08:14:40.931 -0700,5.231108617,0,8.691314552,7.675563504,8.292909504,0.4573040151,3.496507561,8.227509116,1.320172365,10.264896274,0.7301892841,11.920574852,0,0,0.04755130186,0.08965787193,0,false,0.02371652662,0.07092433834,0.2719337155,0.3409621419,false,true,false
11140141,주자동,중구,11140,3995.442053973,2155.037715778,0.5510194224,0.095634375,3.744066667,2.075473425,0.3958333333,3742.5,22,0.8636,0,0.1364,0.0455,0.1818,0.2727,0.1364,0.2273,0,false,19931,304126,0,0,0,0.6181852941,0,479,0.078,0,460,0.0063,0.0084,0.1529,0.3128,0.0222,0.0215,0.1619,0.3423,0.1392,0.2999,0.3042,0.3958,0,0.0672,0,0,1157,52.6,0.0041,0.2521,0.3394,false,true,true,true,2026-04-25 08:14:40.931 -0700,3.981549068,0,7.053585727,7.675563504,8.292909504,0.4573040151,3.135494216,8.227509116,1.320172365,9.900031588,0.7301892841,12.625197368,0.06503839618,0,0.004091617903,0.241140628,0,false,0,0.006280237957,0.127865371,0.2048166346,false,true,false
11140142,예장동,중구,11140,3995.442053973,2155.037715778,0.5510194224,0.095634375,3.744066667,2.075473425,0.3958333333,3742.5,767,0.5046,0.1382,0.1382,0.1591,0.1213,0.163,0.1408,0.1395,0.4386799836,false,33796,321830,0.0394,0.0215,0.4041,0.4107,188,30763,0.3929,0.1065,3300,0.0513,0.0084,0.2151,0.2955,0.032,0.0841,0.314,0.175,0.0994,0.2657,0.2526,0.4817,0.3794,0.0054,0.0189,0,22024,28.7,0.0202,0.2986,0.2199,false,true,false,false,2026-04-25 08:14:40.931 -0700,3.391147046,5.728644317,9.999888047,7.675563504,8.292909504,0.4573040151,6.643789733,8.227509116,1.320172365,10.428097731,0.7301892841,12.681778735,0.005385472276,0.018723614,0.01999868651,0.1510028735,0,false,0.03864362359,0.0500274936,0.1317297707,0.1305895697,false,true,false
11140143,장충동1가,중구,11140,3995.442053973,2155.037715778,0.5510194224,0.095634375,3.744066667,2.075473425,0.3958333333,3742.5,1685,0.4926,0.095,0.1769,0.1561,0.1395,0.1418,0.124,0.1668,0.4853282309,false,57799,394044,0.0366,0.0301,0.9864,0.4187,325,83480,0.4249,0.0868,3266,0.0443,0.0123,0.2099,0.2987,0.036,0.056,0.2574,0.2253,0.1265,0.5305,0.1822,0.2873,0.3707,0.0097,0.0051,0,97372,57.8,0.0362,0.1478,0.2625,false,true,false,false,2026-04-25 08:14:40.931 -0700,4.074141855,6.87533108,11.486293974,7.675563504,8.292909504,0.4573040151,7.430114139,8.227509116,1.320172365,10.964726753,0.7301892841,12.884217857,0.009653257028,0.005087039049,0.0355601754,0.1326059645,0,false,0.03594612677,0.0433468045,0.1168937515,0.154264959,false,true,false
11140144,장충동2가,중구,11140,3995.442053973,2155.037715778,0.5510194224,0.095634375,3.744066667,2.075473425,0.3958333333,3742.5,2828,0.5385,0.0781,0.2832,0.1432,0.093,0.1238,0.1305,0.1482,0.3988296612,false,26282,190895,0.0068,0.0061,0.0783,0.6058,315,216717,0.2542,0.0646,1318,0.0429,0.0077,0.2242,0.2615,0.0519,0.0971,0.2653,0.1839,0.1402,0.3898,0.1902,0.4201,0.2334,0.0039,0.003,0.0005,448779,158.7,0.0768,0.1448,0.2131,false,true,false,false,2026-04-25 08:14:40.931 -0700,5.073297055,6.804079069,13.014285841,7.675563504,8.292909504,0.4573040151,7.947678571,8.227509116,1.320172365,10.176639573,0.7301892841,12.159478818,0.003892414715,0.00299550898,0.07399367991,0.1167157997,0.0004998750417,true,0.006776984279,0.04200529415,0.1226600127,0.1381954988,false,true,false
11140145,광희동1가,중구,11140,3995.442053973,2155.037715778,0.5510194224,0.095634375,3.744066667,2.075473425,0.3958333333,3742.5,360,0.4861,0.0167,0.3,0.175,0.0861,0.1111,0.1583,0.1528,0,false,26322,225627,0.0051,0.0075,0.1515,0.5962,208,90751,0.0621,0.0444,453,0.0854,0.0022,0.218,0.3592,0.0444,0.0874,0.3135,0.1423,0.0532,0.2345,0.2257,0.5398,0.1156,0.0102,0.0002,0.032,141688,393.6,0.0067,0.2331,0.3362,false,true,false,false,2026-04-25 08:14:40.931 -0700,5.977872594,5.924981595,11.861382736,7.675563504,8.292909504,0.4573040151,5.888877958,8.227509116,1.320172365,10.17816037,0.7301892841,12.326638472,0.01014833105,0.0001999800027,0.006677654753,0.1053505156,0.03149866706,true,0.005087039049,0.08194858265,0.146953413,0.1421937657,false,true,false
11140146,광희동2가,중구,11140,3995.442053973,2155.037715778,0.5510194224,0.095634375,3.744066667,2.075473425,0.3958333333,3742.5,834,0.482,0.0635,0.1583,0.193,0.1055,0.1163,0.1847,0.1787,0.3936099373,false,29569,249921,0.014,0.0101,0.1964,0.31,294,53077,0.3415,0.1084,1988,0.0463,0.0083,0.1874,0.4172,0.052,0.0969,0.2808,0.0984,0.0547,0.3902,0.1554,0.4544,0.0971,0.0137,0.0144,0,7232,8.7,0.0177,0.1724,0.3438,false,true,false,false,2026-04-25 08:14:40.931 -0700,2.272125886,6.649387164,8.886270902,7.675563504,8.292909504,0.4573040151,6.727431725,8.227509116,1.320172365,10.294481794,0.7301892841,12.428900147,0.01360700341,0.0142973047,0.01754517922,0.110019645,0,false,0.01390290517,0.0452601314,0.169489578,0.1644121363,false,true,false
11140147,쌍림동,중구,11140,3995.442053973,2155.037715778,0.5510194224,0.095634375,3.744066667,2.075473425,0.3958333333,3742.5,580,0.5103,0.0328,0.1897,0.15,0.1224,0.1569,0.1414,0.2069,0.2764798969,false,29655,226885,0.0273,0.0133,0.2895,0.55,252,45485,0.289,0.1341,1910,0.0501,0.0078,0.2122,0.3897,0.0452,0.1034,0.2826,0.1118,0.0674,0.2803,0.3439,0.3758,0.6138,0.0587,0.0015,0,27070,46.7,0.041,0.1615,0.1498,false,true,false,false,2026-04-25 08:14:40.931 -0700,3.864931398,6.316347956,10.206181383,7.675563504,8.292909504,0.4573040151,6.364750757,8.227509116,1.320172365,10.297386024,0.7301892841,12.33219856,0.05704174037,0.001498876124,0.04018178963,0.1457440141,0,false,0.02693400124,0.04888539773,0.1322555791,0.1880550886,false,true,false
11140148,을지로6가,중구,11140,3995.442053973,2155.037715778,0.5510194224,0.095634375,3.744066667,2.075473425,0.3958333333,3742.5,152,0.5132,0.0197,0.2434,0.3421,0.0855,0.0658,0.125,0.1184,0.2736298979,false,30992,243072,0.0184,0.0144,0.2237,0.8538,130,31874,0.1854,0.0737,1659,0.0349,0.0062,0.2465,0.362,0.0449,0.0926,0.2838,0.1462,0.0706,0.3128,0.2347,0.4525,0.152,0.0087,0.0231,0,215126,1415.3,0.0244,0.1187,0.273,false,true,false,true,2026-04-25 08:14:40.931 -0700,7.255803116,5.0657888,12.278979182,7.675563504,8.292909504,0.4573040151,5.030437921,8.227509116,1.320172365,10.341484386,0.7301892841,12.401112975,0.008662373079,0.0228372339,0.02410707534,0.06372569088,0,false,0.01823276826,0.03430480369,0.1177830357,0.1118990925,false,true,false
11140149,을지로7가,중구,11140,3995.442053973,2155.037715778,0.5510194224,0.095634375,3.744066667,2.075473425,0.3958333333,3742.5,46,0.6087,0.0217,0.1304,0.0652,0.1087,0.1957,0.2174,0.2609,0.6302516958,false,26191,95971,0,0.0147,1,0,1,1238,0.1274,0.1788,761,0.0182,0.0024,0.2281,0.4091,0.0335,0.1158,0.3175,0.0859,0.0381,0.2827,0.1479,0.5694,0.2835,0.0322,0.0009,0,13707,298,0.0224,0.259,0.2288,false,true,false,true,2026-04-25 08:14:40.931 -0700,5.700443573,1,9.52566193,7.675563504,8.292909504,0.4573040151,3.850147602,8.227509116,1.320172365,10.173171119,0.7301892841,11.471801341,0.03169244673,0.0008995952428,0.02215280464,0.1787317879,0,false,0,0.01803636249,0.1967174371,0.2318257517,false,true,false
11140150,을지로4가,중구,11140,3995.442053973,2155.037715778,0.5510194224,0.095634375,3.744066667,2.075473425,0.3958333333,3742.5,125,0.608,0.024,0.176,0.272,0.088,0.112,0.176,0.152,0,false,55130,336010,0.2263,0.0064,0.1692,1,194,5444,0.5773,0.1919,5718,0.0565,0.0241,0.183,0.2137,0.0424,0.1059,0.3384,0.2114,0.0883,0.2217,0.2857,0.4926,0.0064,0.0025,0.0017,0.264,2364860,18918.9,0.0292,0.3193,0.2314,false,true,false,true,2026-04-25 08:14:40.931 -0700,9.847969557,5.788950207,14.676229382,7.675563504,8.292909504,0.4573040151,4.836281907,8.227509116,1.320172365,10.917449312,0.7301892841,12.7248962,0.002496880199,0.001698556636,0.02878180143,0.1061601958,0.2342812957,true,0.2040015058,0.05496155807,0.1621188495,0.1414995623,false,true,false
11140151,을지로5가,중구,11140,3995.442053973,2155.037715778,0.5510194224,0.095634375,3.744066667,2.075473425,0.3958333333,3742.5,422,0.4692,0.0687,0.2038,0.2417,0.1185,0.1209,0.1398,0.1066,0.4417992511,false,33829,317743,0.045,0.0172,0.009,0.3008,514,24555,0.3765,0.1325,2930,0.0358,0.011,0.2042,0.2749,0.0326,0.0536,0.2426,0.2001,0.1961,0.314,0.2398,0.4462,0.0511,0.005,0.0025,0,85688,203.1,0.0231,0.1805,0.3782,false,true,false,false,2026-04-25 08:14:40.931 -0700,5.31861007,8.010386465,11.358468071,7.675563504,8.292909504,0.4573040151,6.047372179,8.227509116,1.320172365,10.429073702,0.7301892841,12.668998159,0.004987541511,0.002496880199,0.0228372339,0.114131934,0,false,0.04401688542,0.03517407501,0.1308528084,0.1012922515,false,true,false
11140152,주교동,중구,11140,3995.442053973,2155.037715778,0.5510194224,0.095634375,3.744066667,2.075473425,0.3958333333,3742.5,243,0.7654,0,0.0535,0.0823,0.07,0.1276,0.3251,0.3416,0,false,28062,356707,0.0077,0.0168,0,0.4228,229,4988,0.2547,0.0375,2227,0.0958,0.0106,0.4352,0.2724,0.0344,0.0604,0.2576,0.2103,0.1649,0.2725,0.259,0.4684,0.5061,0.0079,0.0004,0,77068,317.2,0.0093,0.1498,0.1931,false,true,false,false,2026-04-25 08:14:40.931 -0700,5.762680116,6.118022091,11.252443428,7.675563504,8.292909504,0.4573040151,5.497168225,8.227509116,1.320172365,10.242171627,0.7301892841,12.784669995,0.007868958379,0.0003999200213,0.009257021263,0.1200914803,0,false,0.007670506304,0.09148469012,0.2814879283,0.2938629315,false,true,false
11140153,방산동,중구,11140,3995.442053973,2155.037715778,0.5510194224,0.095634375,3.744066667,2.075473425,0.3958333333,3742.5,42,0.7143,0.0476,0.0476,0.0238,0.1667,0.0952,0.2857,0.3333,1,false,37678.814286,380318.1,0.08782714286,0.02147142857,0.2501716418,0.6181852941,547.042857,0,0.3408628571,0.13839,3235.942857,0.0562942857,0.0117271429,0.1809842857,0.2041,0.0359,0.0469,0.2536,0.2545,0.2049,0.3524,0.1993,0.4483,0.0086,0,0.0007,0,24315,578.9,0.026,0.2969,0.2626,false,true,true,true,2026-04-25 08:14:40.931 -0700,6.362855675,8.178485183,10.098848723,7.675563504,8.292909504,0.4573040151,3.761200116,8.227509116,1.320172365,10.53685326,0.7301892841,12.848763287,0,0.0006997551143,0.02566774675,0.09093699499,0,false,0.08418225976,0.0547668261,0.2513033171,0.2876570721,false,true,false
11140154,오장동,중구,11140,3995.442053973,2155.037715778,0.5510194224,0.095634375,3.744066667,2.075473425,0.3958333333,3742.5,696,0.5086,0.0172,0.4138,0.2644,0.0733,0.079,0.0718,0.0805,0.1945363139,false,30612,245771,0.033,0.0088,0.234,0.2191,474,47917,0.3039,0.1098,2432,0.0403,0.0085,0.1638,0.1663,0.0203,0.0487,0.2421,0.2357,0.2869,0.3114,0.3038,0.3848,0.2689,0.0081,0,0,47986,68.9,0.0713,0.2269,0.2019,false,true,false,false,2026-04-25 08:14:40.931 -0700,4.247065649,7.796958488,10.778664581,7.675563504,8.292909504,0.4573040151,6.546785411,8.227509116,1.320172365,10.329147368,0.7301892841,12.412155487,0.008067371078,0,0.06887286429,0.07603468628,0,false,0.03246719014,0.03950913309,0.06933947808,0.07742389696,false,true,false
11140155,을지로3가,중구,11140,3995.442053973,2155.037715778,0.5510194224,0.095634375,3.744066667,2.075473425,0.3958333333,3742.5,204,0.6569,0.0343,0.0882,0.2059,0.1127,0.1618,0.2059,0.1912,0.3153443522,false,30440,328967,0.0218,0.025,0.125,1,408,3990,0.2241,0.0375,2362,0.1845,0.0208,0.2533,0.554,0.0392,0.0602,0.2007,0.0999,0.0459,0.24,0.228,0.532,0.6218,0.0045,0.0015,0,138293,677.9,0.0098,0.1521,0.1707,false,true,false,false,2026-04-25 08:14:40.931 -0700,6.520473841,7.416844677,11.837129902,7.675563504,8.292909504,0.4573040151,5.323009979,8.227509116,1.320172365,10.323512812,0.7301892841,12.703712721,0.004489905273,0.001498876124,0.009752291443,0.1499705266,0,false,0.02156577791,0.1693207446,0.1872261761,0.1749612024,false,true,false
11140156,입정동,중구,11140,3995.442053973,2155.037715778,0.5510194224,0.095634375,3.744066667,2.075473425,0.3958333333,3742.5,1556,0.5006,0.0925,0.1125,0.4042,0.2095,0.1054,0.054,0.0219,0.5753128679,false,69004,627495,0.3371,0.0697,0.0027,0.1842,2318,6970,0.8443,0.5475,10021,0.0165,0.0159,0.1664,0.4573,0.0325,0.0458,0.2198,0.1523,0.0923,0.2797,0.2316,0.4887,0.3282,0.0061,0,0,27233,17.5,0.0151,0.2426,0.2093,false,true,false,false,2026-04-25 08:14:40.931 -0700,2.917770732,13.234372536,10.212184752,7.675563504,8.292909504,0.4573040151,7.350516172,8.227509116,1.320172365,11.141919753,0.7301892841,13.349490982,0.006081470316,0,0.01498712981,0.1002072604,0,false,0.2905030896,0.01636535409,0.05259245012,0.02166363964,false,true,false
11140157,산림동,중구,11140,3995.442053973,2155.037715778,0.5510194224,0.095634375,3.744066667,2.075473425,0.3958333333,3742.5,134,0.5522,0.0075,0.0373,0.097,0.0821,0.1418,0.2836,0.3507,0,false,54115,495650,0.2039,0.0695,0.002,0.2211,2571,14239,0.6788,0.4589,8100,0.0351,0.0177,0.1792,0.3649,0.0368,0.0844,0.232,0.1597,0.1222,0.2324,0.2692,0.4984,0.1186,0.0179,0,0,29697,221.6,0.0346,0.2826,0.2476,false,true,false,false,2026-04-25 08:14:40.931 -0700,5.405376439,13.699337195,10.29880131,7.675563504,8.292909504,0.4573040151,4.905274778,8.227509116,1.320172365,10.898866691,0.7301892841,13.113625311,0.01774168148,0,0.03401487859,0.1326059645,0,false,0.185566287,0.03449804041,0.2496686303,0.3006229766,false,true,false
11140158,충무로3가,중구,11140,3995.442053973,2155.037715778,0.5510194224,0.095634375,3.744066667,2.075473425,0.3958333333,3742.5,267,0.6479,0.0187,0.2285,0.2772,0.1161,0.1049,0.1723,0.0824,0.2503468139,false,34912,284203,0.0595,0.0267,0.2947,1,237,12414,0.3742,0.201,3158,0.0402,0.0132,0.1748,0.3742,0.0408,0.0727,0.2943,0.1468,0.0712,0.2518,0.3654,0.3828,0.5881,0.0257,0.0008,0,95007,355.8,0.0091,0.2163,0.1307,false,true,false,false,2026-04-25 08:14:40.931 -0700,5.877175401,6.188451483,11.461705852,7.675563504,8.292909504,0.4573040151,5.590986981,8.227509116,1.320172365,10.460585889,0.7301892841,12.557444051,0.02537530633,0.0007996801706,0.009058844488,0.09975483314,0,false,0.05779709873,0.03941300236,0.1589676311,0.07918079787,false,true,false
11140159,초동,중구,11140,3995.442053973,2155.037715778,0.5510194224,0.095634375,3.744066667,2.075473425,0.3958333333,3742.5,67,0.6567,0.0448,0.1343,0.1642,0.0597,0.1493,0.2687,0.1791,0.5230969744,false,34771,343167,0.0821,0.03,0,0.5,457,1138,0.3301,0.0636,5366,0.3023,0.022,0.1707,0.4349,0.036,0.0689,0.2427,0.1592,0.0583,0.2378,0.3045,0.4577,0.5675,0.0704,0.0029,0,83030,1239.2,0.0133,0.177,0.151,false,true,false,true,2026-04-25 08:14:40.931 -0700,7.123027936,7.702608893,11.326957267,7.675563504,8.292909504,0.4573040151,4.219507705,8.227509116,1.320172365,10.456538985,0.7301892841,12.745972488,0.06803241039,0.002895803112,0.01321233147,0.1391530614,0,false,0.0789035976,0.264131932,0.2379927542,0.1647514356,false,true,false
11140160,인현동1가,중구,11140,3995.442053973,2155.037715778,0.5510194224,0.095634375,3.744066667,2.075473425,0.3958333333,3742.5,77,0.5455,0,0.0519,0.0649,0.0779,0.2208,0.2208,0.3636,0,false,25508,327858,0.0049,0,0.3824,0.6667,78,3063,0.2188,0.015,1747,0.0313,0.014,0.3277,0.2953,0.0249,0.0561,0.2581,0.2354,0.1303,0.2182,0.3476,0.4342,0.1687,0.0123,0,0,51373,667.2,0.0058,0.2409,0.3139,false,true,false,true,2026-04-25 08:14:40.931 -0700,6.50458753,4.272652477,10.846868022,7.675563504,8.292909504,0.4573040151,4.356708827,8.227509116,1.320172365,10.146747407,0.7301892841,12.700335867,0.01222496962,0,0.005783244756,0.1995063815,0,false,0.004888034073,0.03082014234,0.1995063815,0.3101282613,false,true,false
11140161,저동2가,중구,11140,3995.442053973,2155.037715778,0.5510194224,0.095634375,3.744066667,2.075473425,0.3958333333,3742.5,222,0.473,0.0991,0.2387,0.3604,0.1396,0.0676,0.045,0.0496,0.4040592412,false,39964,264877,0.0729,0.0167,0.3827,1,1489,16532,0.6382,0.3417,4849,0.0421,0.0223,0.1693,0.3225,0.0478,0.1179,0.337,0.1246,0.0502,0.1748,0.3319,0.4932,0.0538,0.0027,0.0026,0.5097,1539943,6936.7,0.0164,0.2143,0.3028,false,true,false,true,2026-04-25 08:14:40.931 -0700,8.844725586,11.419064033,14.247255961,7.675563504,8.292909504,0.4573040151,5.407171771,8.227509116,1.320172365,10.595734328,0.7301892841,12.487020846,0.002696361548,0.002596625847,0.01626697246,0.06541313855,0.4119109556,true,0.07036526266,0.04123790802,0.04401688542,0.04840913921,false,true,false
11140162,신당동,중구,11140,3640.597785658,1975.044088566,0.5461651651,0.07691041667,4.40414375,1.973433712,0.3958333333,11047,65965,0.4773,0.0961,0.1222,0.1591,0.1284,0.1666,0.1661,0.1616,0.5184118267,false,36166,460164,0.0558,0.0241,0.2305,0.2529,876,2792258,0.5465,0.1288,3791,0.0643,0.018,0.1954,0.2983,0.036,0.0817,0.2783,0.1927,0.113,0.615,0.1034,0.2816,0.4188,0.0172,0.0218,0,335729,5.1,0.0313,0.1644,0.1871,true,false,false,false,2026-04-25 08:14:40.931 -0700,1.808288771,9.568276596,12.724059566,7.588346,8.199903174,0.4252674007,11.096894737,9.309914177,1.482545859,10.49587473,0.6797750267,13.039338227,0.01705375457,0.02156577791,0.03082014234,0.1540935353,0,false,0.05429877341,0.06231730606,0.1536648475,0.1497983651,false,true,false
11140163,흥인동,중구,11140,3995.442053973,2155.037715778,0.5510194224,0.095634375,3.744066667,2.075473425,0.3958333333,3742.5,2323,0.4176,0.0736,0.2471,0.2363,0.1675,0.1158,0.0947,0.065,0.3894558343,false,35557,515224,0.0529,0.0338,0.7411,0.3473,2908,86539,0.4788,0.1936,4432,0.0462,0.0156,0.2266,0.4422,0.049,0.0771,0.2268,0.1446,0.0602,0.4705,0.1326,0.3969,0.5231,0.0225,0.0631,0,30054,12.9,0.066,0.1717,0.1612,false,true,false,false,2026-04-25 08:14:40.931 -0700,2.63188884,14.273494528,10.310751043,7.675563504,8.292909504,0.4573040151,7.751045118,8.227509116,1.320172365,10.478892322,0.7301892841,13.152357037,0.02225060893,0.06118916831,0.06391332574,0.1095716364,0,false,0.05154826188,0.04516455195,0.09048035313,0.06297479916,false,true,false
11140164,무학동,중구,11140,3995.442053973,2155.037715778,0.5510194224,0.095634375,3.744066667,2.075473425,0.3958333333,3742.5,203,0.5369,0.0443,0.1921,0.2266,0.1084,0.1478,0.1478,0.133,0.2903631703,false,28654,233006,0.0055,0.0126,0.1622,0.3963,540,12975,0.3122,0.0663,2399,0.0912,0.0141,0.179,0.3851,0.05,0.0796,0.2906,0.1375,0.0572,0.5467,0.1155,0.3378,0.329,0.0068,0.0095,0,23819,117.3,0.0658,0.1693,0.2029,false,true,false,false,2026-04-25 08:14:40.931 -0700,4.773223771,8.143235772,10.07823886,7.675563504,8.292909504,0.4573040151,5.318119994,8.227509116,1.320172365,10.263048328,0.7301892841,12.358819483,0.006776984279,0.009455158771,0.06372569088,0.1378470667,0,false,0.005484930231,0.08727800811,0.1378470667,0.124868982,false,true,false
11140165,황학동,중구,11140,3157.283081593,1991.656384684,0.6337012633,0.01417916667,4.025816667,2.427443344,0.4166666667,1870,13122,0.4702,0.0791,0.1657,0.2503,0.1414,0.1305,0.1222,0.1109,0.4713635944,false,33754,359468,0.0338,0.0175,0.1798,0.3392,951,523693,0.4857,0.151,3495,0.0569,0.0171,0.2195,0.2911,0.0413,0.0832,0.268,0.2035,0.1129,0.579,0.1252,0.2958,0.1733,0.0129,0.0131,0,142950,10.9,0.0165,0.1681,0.2822,true,false,false,false,2026-04-25 08:14:40.931 -0700,2.4765384,9.833901326,11.870250198,7.596721926,8.057467152,0.2420383509,9.482121695,7.53369371,1.392727789,10.426854208,0.8868385815,12.79238044,0.01281750371,0.01301493708,0.01636535409,0.1226600127,0,false,0.03324133378,0.05534009503,0.1152910443,0.1051704976,false,true,false
11140166,서소문동,중구,11140,3995.442053973,2155.037715778,0.5510194224,0.095634375,3.744066667,2.075473425,0.3958333333,3742.5,22,0.6818,0,0.0455,0.1818,0.2273,0.0455,0.3182,0.1818,0,false,39360,355247,0.1029,0.0188,0.069,1,260,4045,0.2616,0.118,8111,0.013,0.0069,0.0433,0.3172,0.0475,0.0993,0.3378,0.1508,0.0474,0.2178,0.3572,0.425,0.1556,0.0128,0.0012,0,1447275,65785.2,0.0135,0.2492,0.3135,false,true,false,true,2026-04-25 08:14:40.931 -0700,11.094165369,6.382492469,14.185193036,7.675563504,8.292909504,0.4573040151,3.135494216,8.227509116,1.320172365,10.580505351,0.7301892841,12.780568601,0.01271877241,0.001199280575,0.01340968691,0.04449523989,0,false,0.09794307433,0.01291622527,0.2762671696,0.1670386999,false,true,false
11140167,정동,중구,11140,3995.442053973,2155.037715778,0.5510194224,0.095634375,3.744066667,2.075473425,0.3958333333,3742.5,533,0.4653,0.1182,0.1088,0.227,0.2195,0.1351,0.0938,0.0976,0.4584881647,false,40228,578277,0.0975,0.0396,0.9878,1,174,46939,0.2916,0.0665,3810,0.0188,0.0057,0.1454,0.3256,0.0485,0.1,0.3342,0.1299,0.0618,0.186,0.306,0.5079,0.7055,0.0404,0,0,170010,319,0.0107,0.1606,0.147,false,true,false,false,2026-04-25 08:14:40.931 -0700,5.768320996,5.582760571,12.043612538,7.675563504,8.292909504,0.4573040151,6.280395839,8.227509116,1.320172365,10.60231855,0.7301892841,13.267808272,0.03960525459,0,0.0106431601,0.1267207528,0,false,0.09303486597,0.01862546412,0.08965787193,0.09312597799,false,true,false
11140168,순화동,중구,11140,3995.442053973,2155.037715778,0.5510194224,0.095634375,3.744066667,2.075473425,0.3958333333,3742.5,1150,0.4287,0.1417,0.0817,0.1922,0.2713,0.1522,0.0922,0.0687,0.6024037523,false,59292,695755,0.224,0.0514,0.1331,0.4245,1268,65644,0.5477,0.1807,6055,0.0274,0.0101,0.1604,0.3117,0.0456,0.1257,0.3234,0.1382,0.0554,0.2603,0.3363,0.4034,0.0017,0.0008,0.0002,0.1829,51331636,44636.2,0.0222,0.2518,0.3971,false,true,false,true,2026-04-25 08:14:40.931 -0700,10.706322871,10.82360788,17.753817806,7.675563504,8.292909504,0.4573040151,7.048386409,8.227509116,1.320172365,10.990229669,0.7301892841,13.452752866,0.0007996801706,0.0001999800027,0.02195716735,0.1416731583,0.1679690506,true,0.2021241841,0.02703133905,0.08819401074,0.06644295655,false,true,false
11140169,의주로1가,중구,11140,3995.442053973,2155.037715778,0.5510194224,0.095634375,3.744066667,2.075473425,0.3958333333,3742.5,230,0.4391,0.187,0.1,0.2304,0.2391,0.1478,0.0522,0.0435,0.5342190516,false,44326,509852,0.1286,0.0451,0.3085,0.4829,2797,21407,0.3692,0.3349,5393,0.022,0.0075,0.1187,0.2973,0.046,0.0791,0.3303,0.1522,0.0951,0.3214,0.2722,0.4065,0.7525,0.1185,0.0129,0,15468,67.3,0.0584,0.0983,0.0581,false,true,false,false,2026-04-25 08:14:40.931 -0700,4.223909767,14.089524608,9.646528653,7.675563504,8.292909504,0.4573040151,5.442417711,8.227509116,1.320172365,10.699326691,0.7301892841,13.141875767,0.1119885019,0.01281750371,0.05675833382,0.1378470667,0,false,0.1209779266,0.02176149178,0.05088321031,0.04258044754,false,true,false
11140170,충정로1가,중구,11140,3995.442053973,2155.037715778,0.5510194224,0.095634375,3.744066667,2.075473425,0.3958333333,3742.5,0,0,0,0,0,0,0,0,0,0.3337584633,true,108154,603234,0.813,0.0034,0.119,1,0,1797,0.889,0.2869,10064,0.0263,0.0351,0.1213,0.2834,0.0527,0.1429,0.3389,0.1448,0.0373,0.2855,0.2553,0.4592,0.2274,0.0178,0,0,8365,0,0.012,0.4074,0.1448,false,true,false,true,2026-04-25 08:14:40.931 -0700,0,0,9.031811613,7.675563504,8.292909504,0.4573040151,0,8.227509116,1.320172365,11.591311416,0.7301892841,13.31006046,0.01764343517,0,0.01192857087,0,0,false,0.5949829318,0.02596010167,0,0,true,false,false
11140171,중림동,중구,11140,4070.126671691,2098.560868651,0.5176933888,0.1047729167,3.382145833,1.97220194,0.375,712,6263,0.4843,0.0825,0.1306,0.163,0.1359,0.1533,0.1611,0.1736,0.4671714208,false,37772,485541,0.0786,0.0254,0.2205,0.3006,404,243955,0.5519,0.1292,3534,0.062,0.0162,0.1808,0.2832,0.0573,0.1005,0.336,0.148,0.0749,0.5079,0.1844,0.3078,0.4089,0.0256,0.03,0.0211,145703,23.3,0.0099,0.1613,0.2822,true,false,false,false,2026-04-25 08:14:40.931 -0700,3.19047635,7.392527003,11.889325582,7.649007088,8.311429401,0.4714294088,8.742574238,6.568077911,1.21851037,10.539323366,0.6791506544,13.093019012,0.02527780718,0.02955880224,0.00985131605,0.1426273982,0.02088047758,true,0.07566390392,0.06015392282,0.1493678317,0.1600759478,false,true,false
11140172,의주로2가,중구,11140,3995.442053973,2155.037715778,0.5510194224,0.095634375,3.744066667,2.075473425,0.3958333333,3742.5,8,0.75,0,0,0,0.25,0.125,0,0.625,0.3337584633,true,37678.814286,380318.1,0.08782714286,0.02147142857,0.2501716418,0.6181852941,547.042857,0,0.3408628571,0.13839,3235.942857,0.0562942857,0.0117271429,0.1809842857,0.3432,0.0441,0.0664,0.3038,0.1673,0.0752,0.3682,0.2973,0.3345,0,0,0,0,2923,365.4,0.0215,0.2495,0.3654,false,true,true,true,2026-04-25 08:14:40.931 -0700,5.903725633,8.178485183,7.980365765,7.675563504,8.292909504,0.4573040151,2.197224577,8.227509116,1.320172365,10.53685326,0.7301892841,12.848763287,0,0,0.02127213528,0.1177830357,0,false,0.08418225976,0.0547668261,0,0.4855078158,true,true,false
11140173,만리동1가,중구,11140,3995.442053973,2155.037715778,0.5510194224,0.095634375,3.744066667,2.075473425,0.3958333333,3742.5,1319,0.492,0.1539,0.1016,0.1903,0.1986,0.1547,0.0978,0.1031,0.6626700507,false,49226,578650,0.169,0.0398,0.0029,0.399,849,48284,0.6319,0.1689,5124,0.0448,0.0144,0.1627,0.5578,0.055,0.0986,0.2073,0.066,0.0153,0.5571,0.118,0.3249,0.6434,0.0079,0,0,25331,19.2,0.0133,0.1594,0.1303,false,true,false,false,2026-04-25 08:14:40.931 -0700,3.005682604,9.46894485,10.139784221,7.675563504,8.292909504,0.4573040151,7.185387016,8.227509116,1.320172365,10.804177218,0.7301892841,13.268453083,0.007868958379,0,0.01321233147,0.14384057,0,false,0.1561486825,0.04382547954,0.09330817713,0.09812439799,false,true,false
11140174,만리동2가,중구,11140,5113.760676951,2554.889521212,0.5065178722,0.186675,3.164160417,1.928814703,0.3958333333,1341,4450,0.4897,0.1987,0.0784,0.1901,0.2182,0.1443,0.1049,0.0654,0.7568513261,false,55433,860481,0.2206,0.0446,0.0019,0.5272,481,130006,0.7816,0.1907,7534,0.0327,0.0206,0.1398,0.2748,0.0393,0.1072,0.295,0.2034,0.0802,0.685,0.0782,0.2368,0.2102,0.0993,0.0381,0,6875,1.5,0.0205,0.2533,0.237,true,false,false,false,2026-04-25 08:14:40.931 -0700,0.9162907319,7.835152697,8.835646923,7.845764261,8.539690357,0.5715167497,8.400884069,7.201170883,1.151887749,10.922930363,0.6569056707,13.665246814,0.0946736136,0.03739211922,0.02029270327,0.1347930963,0,false,0.1993425411,0.0321767317,0.09975483314,0.0633503155,false,true,false
11560101,영등포동,영등포구,11560,3403.128536224,1808.940905702,0.5316505185,0.05495208333,3.62516875,2.678673293,0.4791666667,2462,13527,0.5221,0.1155,0.1212,0.1658,0.1355,0.1759,0.1584,0.1277,0.6073541525,false,36395,408475,0.0648,0.0216,0.0148,0.2285,951,658189,0.5323,0.1457,3250,0.0512,0.0132,0.1779,0.2709,0.0344,0.0886,0.2443,0.2484,0.1134,0.6065,0.083,0.3105,0.1107,0.0052,0.0041,0,72589,5.4,0.0094,0.1335,0.3285,true,false,false,false,2026-04-25 08:14:40.931 -0700,1.85629799,9.833901326,11.192568674,7.500496818,8.132450445,0.3801851424,9.512516891,7.808729307,1.287900839,10.502186682,0.9853216319,12.920185992,0.005186526687,0.004091617903,0.009356094924,0.1620338118,0,false,0.0627869881,0.04993236875,0.1470397426,0.1201801603,false,true,false
11560102,영등포동1가,영등포구,11560,3857.488504337,1990.033061352,0.5291592347,0.1526544643,4.564758482,2.223079766,0.3958333333,2745.5,3975,0.4717,0.0116,0.4347,0.3786,0.0828,0.0465,0.0289,0.0169,0.2026546117,false,40684,220590,0.0837,0.0116,0.0412,0.3936,1528,164593,0.6421,0.301,4632,0.0324,0.0232,0.1864,0.5123,0.0557,0.0719,0.27,0.0701,0.0201,0.4732,0.0812,0.4456,0.0815,0.0033,0.0007,0,71726,18,0.0159,0.1311,0.3833,false,true,false,false,2026-04-25 08:14:40.931 -0700,2.944438979,11.517902292,11.180608583,7.595906531,8.257771604,0.5344455212,8.288031568,7.917718487,1.518365606,10.613590174,0.7988935164,12.304061054,0.003294566949,0.0006997551143,0.01577491912,0.0454512629,0,false,0.08038111195,0.03188618886,0.0284902704,0.01675878381,false,true,false
11560103,영등포동2가,영등포구,11560,3857.488504337,1990.033061352,0.5291592347,0.1526544643,4.564758482,2.223079766,0.3958333333,2745.5,4762,0.5235,0.0271,0.3341,0.3826,0.0907,0.068,0.0554,0.042,0.2746175213,false,38062,227849,0.0544,0.0103,0.0256,0.3076,1754,132809,0.6274,0.2413,4528,0.0332,0.0236,0.2007,0.2074,0.0227,0.0517,0.2997,0.2708,0.1478,0.507,0.1206,0.3724,0.3225,0.0057,0.0057,0,62223,13.1,0.0561,0.2744,0.2001,false,true,false,false,2026-04-25 08:14:40.931 -0700,2.646174797,12.059855801,11.038479985,7.595906531,8.257771604,0.5344455212,8.468633001,7.917718487,1.518365606,10.546971688,0.7988935164,12.336438408,0.005683816468,0.005683816468,0.05458287777,0.06578774054,0,false,0.05297188477,0.03266078224,0.05391984199,0.04114194333,false,true,false
11560104,영등포동3가,영등포구,11560,3857.488504337,1990.033061352,0.5291592347,0.1526544643,4.564758482,2.223079766,0.3958333333,2745.5,2112,0.5578,0.0062,0.3608,0.3087,0.0914,0.1056,0.0923,0.035,0.1099665597,false,32643,190993,0.0248,0.01,0.1799,0.6934,1462,76773,0.3836,0.1455,3049,0.0445,0.0204,0.1973,0.5527,0.0409,0.057,0.1815,0.1022,0.0657,0.3852,0.1218,0.4931,0.6016,0.0125,0.0236,0.0009,99467,47.1,0.0092,0.0465,0.1947,false,true,false,false,2026-04-25 08:14:40.931 -0700,3.873282177,11.349622131,11.50758121,7.595906531,8.257771604,0.5344455212,7.655864018,7.917718487,1.518365606,10.393385717,0.7988935164,12.159992057,0.01242252,0.0233258253,0.009157937785,0.100388174,0.0008995952428,true,0.0244974716,0.04353830201,0.08828556487,0.03440142672,false,true,false
11560105,영등포동4가,영등포구,11560,3857.488504337,1990.033061352,0.5291592347,0.1526544643,4.564758482,2.223079766,0.3958333333,2745.5,1377,0.5258,0.0131,0.2571,0.3384,0.1314,0.1126,0.0857,0.0617,0.1317490863,false,37168,262061,0.0566,0.0125,0.0107,0.3345,1065,66938,0.4818,0.1862,3934,0.0693,0.0238,0.1964,0.3857,0.0568,0.1133,0.2579,0.1291,0.0572,0.2999,0.1578,0.5422,0.0979,0.0047,0.0094,0.0068,621663,451.5,0.0042,0.142,0.31,false,true,false,false,2026-04-25 08:14:40.931 -0700,6.114787763,10.212111003,13.340153424,7.595906531,8.257771604,0.5344455212,7.228388452,7.917718487,1.518365606,10.523203455,0.7988935164,12.47633258,0.004688989486,0.009356094924,0.004191204618,0.1066996187,0.006776984279,true,0.05505620575,0.06700422878,0.08222494026,0.05987139704,false,true,false
11560106,영등포동5가,영등포구,11560,3857.488504337,1990.033061352,0.5291592347,0.1526544643,4.564758482,2.223079766,0.3958333333,2745.5,1703,0.5919,0.0417,0.1216,0.1809,0.108,0.1556,0.2149,0.1773,0.4115065745,false,31410,266368,0.0246,0.0104,0.0016,0.3524,573,65051,0.3965,0.1116,2269,0.0768,0.0141,0.2071,0.2201,0.0243,0.0446,0.2121,0.2401,0.2588,0.5045,0.1144,0.3812,0.1748,0.0042,0.0186,0,31837,18.7,0.0206,0.2022,0.2664,false,true,false,false,2026-04-25 08:14:40.931 -0700,2.980618636,8.305847531,10.368384414,7.595906531,8.257771604,0.5344455212,7.440733707,7.917718487,1.518365606,10.354881593,0.7988935164,12.49263409,0.004191204618,0.01842913547,0.02039068965,0.1446196896,0,false,0.02430229252,0.07399367991,0.1946617689,0.1632236811,false,true,false
11560107,영등포동6가,영등포구,11560,3857.488504337,1990.033061352,0.5291592347,0.1526544643,4.564758482,2.223079766,0.3958333333,2745.5,1854,0.569,0.0237,0.2508,0.3042,0.0836,0.1219,0.1197,0.096,0.2816899477,false,35351,244604,0.0374,0.0145,0.051,0.331,1322,62429,0.5349,0.1205,3638,0.0632,0.0218,0.1973,0.2699,0.0366,0.0624,0.2723,0.1985,0.1603,0.5218,0.1073,0.3708,0.3089,0.0096,0.0347,0,44411,24,0.0163,0.1452,0.2948,false,true,false,false,2026-04-25 08:14:40.931 -0700,3.218875825,10.975124225,10.701242465,7.595906531,8.257771604,0.5344455212,7.525639975,7.917718487,1.518365606,10.473081959,0.7988935164,12.407395855,0.009554212805,0.03411152963,0.01616858116,0.1150236766,0,false,0.03671758294,0.06128322842,0.1130607923,0.09166718853,false,true,false
11560108,영등포동7가,영등포구,11560,4151.359034735,2285.207315055,0.5542356774,0.1201104167,3.194552083,1.940236966,0.4166666667,1821,9805,0.4811,0.1038,0.1839,0.2606,0.1453,0.1227,0.0996,0.084,0.5155165947,false,44025,554339,0.1146,0.0295,0.1454,0.2469,669,376281,0.7016,0.1888,5792,0.0315,0.0194,0.159,0.2276,0.0316,0.0932,0.3567,0.195,0.096,0.5679,0.1028,0.3294,0.0705,0.0034,0.397,0.1338,391618,39.9,0.0839,0.3188,0.1814,true,false,false,false,2026-04-25 08:14:40.931 -0700,3.711130063,8.745965586,12.878042154,7.734212028,8.331191038,0.4933940009,9.190749722,7.50714108,1.161446885,10.692512933,0.6628101129,13.225531692,0.003394233068,0.3343270803,0.08056564784,0.1157364985,0.1255748229,true,0.1084955962,0.03101405353,0.09494647731,0.08065790302,false,true,false
11560109,영등포동8가,영등포구,11560,3517.156896926,2071.484771603,0.5866717121,0.0935,4.0554625,2.073603483,0.3541666667,1058,5071,0.4632,0.0905,0.1935,0.2702,0.1321,0.1209,0.1029,0.0899,0.4536596247,false,43712,599391,0.1109,0.0268,0.3922,0.2555,526,153973,0.6851,0.1697,5003,0.0287,0.0166,0.1836,0.2208,0.0331,0.1033,0.354,0.1677,0.1211,0.6067,0.0987,0.2946,0.2118,0.0132,0.0142,0,89376,17.6,0.0104,0.1958,0.2401,true,false,false,false,2026-04-25 08:14:40.931 -0700,2.923161581,8.072245119,11.400607469,7.63602091,8.165408242,0.4538763427,8.531490496,6.964135612,1.400064738,10.685377943,0.7292879071,13.303669419,0.01311363915,0.01410012438,0.01034629205,0.114131934,0,false,0.1051704976,0.02829586915,0.09794307433,0.08608594891,false,true,false
11560110,여의도동,영등포구,11560,6635.006213017,1872.002892569,0.3030161119,0.6873145833,8.5016375,2.347600845,0.2708333333,5515,33861,0.4702,0.1536,0.1059,0.1491,0.1585,0.1598,0.1323,0.1408,0.5912383397,false,64582,939718,0.225,0.0717,0.5861,0.4118,1305,1536617,0.6527,0.1619,7038,0.0441,0.0142,0.1701,0.2742,0.0446,0.1159,0.3369,0.1625,0.066,0.3465,0.3238,0.3297,0.3733,0.0162,0.0071,0.0111,7500372,221.5,0.0279,0.205,0.2163,true,false,false,false,2026-04-25 08:14:40.931 -0700,5.404927102,10.927877014,15.830463177,7.534764202,8.800114883,0.8825078433,10.430048721,8.615226932,2.140258792,11.075691013,0.8533938896,13.753335109,0.01607018018,0.007074913672,0.02751788604,0.1482475765,0.01103884712,true,0.202940844,0.04315527031,0.1242509623,0.1317297707,false,true,false
11560111,당산동1가,영등포구,11560,3857.488504337,1990.033061352,0.5291592347,0.1526544643,4.564758482,2.223079766,0.3958333333,2745.5,6766,0.5001,0.0732,0.1871,0.2473,0.1212,0.1236,0.128,0.1197,0.4492110942,false,35145,349040,0.0404,0.0155,0.0499,0.2344,912,256067,0.5551,0.1269,3477,0.0537,0.018,0.1993,0.3065,0.0373,0.0862,0.2753,0.1773,0.1173,0.6117,0.1465,0.2418,0.1277,0.0048,0.0134,0,143867,21.3,0.0175,0.613,0.1224,false,true,false,false,2026-04-25 08:14:40.931 -0700,3.104586678,9.69759314,11.876644541,7.595906531,8.257771604,0.5344455212,8.819813136,7.917718487,1.518365606,10.46723764,0.7988935164,12.762941808,0.004788516732,0.01331101406,0.01734863833,0.1165378162,0,false,0.03960525459,0.05230777962,0.1204461531,0.1130607923,false,true,false
11560112,당산동2가,영등포구,11560,3254.069538285,1890.56047541,0.5845606581,0.1512125,3.855527083,1.825599648,0.4583333333,1319,5494,0.4714,0.0987,0.1522,0.2785,0.1341,0.1269,0.1129,0.0968,0.5060984323,false,41515,500744,0.0969,0.032,0.0012,0.2623,772,195892,0.6653,0.168,4773,0.0448,0.0184,0.1734,0.2639,0.0362,0.0898,0.291,0.1962,0.1229,0.5611,0.1734,0.2655,0.4258,0.0252,0.0273,0,53185,9.7,0.0169,0.1923,0.1703,true,false,false,false,2026-04-25 08:14:40.931 -0700,2.370243741,9.173564895,10.881531681,7.544628612,8.087661658,0.5327574171,8.611593867,7.184629153,1.349507725,10.633810087,0.6019085074,13.123850271,0.02488771551,0.02693400124,0.01675878381,0.1194705,0,false,0.09248801944,0.04382547954,0.106969221,0.09239684927,false,true,false
11560113,당산동3가,영등포구,11560,3857.488504337,1990.033061352,0.5291592347,0.1526544643,4.564758482,2.223079766,0.3958333333,2745.5,8891,0.4742,0.0885,0.1569,0.2256,0.1323,0.1394,0.131,0.1263,0.4965754485,false,39899,499220,0.0845,0.0319,0.2556,0.2719,979,351800,0.6425,0.1449,4306,0.0544,0.0174,0.1798,0.3739,0.0531,0.0888,0.2317,0.1679,0.0846,0.5321,0.1642,0.3037,0.5886,0.029,0.0453,0,123127,13.8,0.014,0.1269,0.15,false,true,false,false,2026-04-25 08:14:40.931 -0700,2.694627181,9.929481409,11.720971622,7.595906531,8.257771604,0.5344455212,9.092907275,7.917718487,1.518365606,10.59410654,0.7988935164,13.120802159,0.02858745685,0.04430392556,0.01390290517,0.1305018081,0,false,0.08111905128,0.05297188477,0.1231021971,0.1189379241,false,true,false
11560114,당산동4가,영등포구,11560,4094.034647118,2207.115322754,0.5315125166,0.09618541667,3.926429167,2.250092174,0.3333333333,1485,12015,0.4816,0.1536,0.1399,0.196,0.1674,0.1424,0.1088,0.092,0.6004259359,false,46320,656173,0.1415,0.0407,0.1661,0.2215,964,477768,0.7134,0.1622,5625,0.0411,0.0175,0.1586,0.3278,0.0438,0.1206,0.3069,0.129,0.072,0.6123,0.1582,0.2295,0.5003,0.0187,0.0097,0,127432,10.6,0.0112,0.1436,0.1884,true,false,false,false,2026-04-25 08:14:40.931 -0700,2.451005098,9.878507865,11.755338168,7.699441658,8.317286229,0.4581806555,9.393994374,7.303170051,1.367730404,10.743329112,0.8109711815,13.394179753,0.01852730461,0.009653257028,0.01113774441,0.1331313126,0,false,0.132343187,0.0402778465,0.1032783495,0.08801087732,false,true,false
11560115,당산동5가,영등포구,11560,4522.755250606,2522.161489902,0.5464214185,0.3494270833,7.486789583,2.390234421,0.3541666667,2193,12771,0.456,0.1408,0.1429,0.1875,0.1472,0.1424,0.1233,0.1159,0.5248566441,false,51316,910903,0.1686,0.0491,0.4142,0.278,682,505350,0.7475,0.1346,5925,0.0299,0.0128,0.1718,0.3696,0.037,0.0917,0.2988,0.1227,0.0802,0.5977,0.115,0.2873,0.7055,0.0237,0.0229,0,57371,4.5,0.0122,0.0832,0.1077,true,false,false,false,2026-04-25 08:14:40.931 -0700,1.704748092,8.802252996,10.957294228,7.832871547,8.416876656,0.7043453848,9.455010554,7.693025748,2.013140079,10.845757873,0.8713914451,13.722191694,0.02342351494,0.02264173048,0.0121261798,0.1331313126,0,false,0.1558064511,0.02946171015,0.1162707817,0.1096612542,false,true,false
11560116,당산동6가,영등포구,11560,3857.488504337,1990.033061352,0.5291592347,0.1526544643,4.564758482,2.223079766,0.3958333333,2745.5,3363,0.4773,0.0306,0.2694,0.3366,0.0975,0.0922,0.0907,0.083,0.269688902,false,35198,272937,0.0437,0.0141,0.028,0.5325,855,143939,0.5484,0.1518,3487,0.0416,0.0188,0.1881,0.3802,0.0672,0.0557,0.183,0.1439,0.17,0.5135,0.1235,0.363,0.4661,0.0145,0.0146,0,101525,30.2,0.0079,0.0795,0.2093,false,true,false,false,2026-04-25 08:14:40.931 -0700,3.440418095,9.491198599,11.528060353,7.595906531,8.257771604,0.5344455212,8.120886021,7.917718487,1.518365606,10.468744542,0.7988935164,12.516996278,0.01439588028,0.01449444615,0.007868958379,0.08819401074,0,false,0.04277209184,0.04075799247,0.08681969195,0.07973496802,false,true,false
11560117,당산동,영등포구,11560,3663.75613143,1963.005761481,0.5507112824,0.1932229167,5.706325,2.555647527,0.4375,801,8279,0.455,0.0919,0.2434,0.2894,0.1244,0.097,0.0852,0.0687,0.424721413,false,44737,550009,0.1084,0.0316,0.3142,0.25,533,374618,0.6945,0.1621,5091,0.0372,0.0173,0.1685,0.4194,0.0428,0.097,0.2693,0.1142,0.0572,0.5776,0.1043,0.3181,0.4138,0.0327,0.0191,0,23554,2.8,0.0305,0.1964,0.1603,true,false,false,false,2026-04-25 08:14:40.931 -0700,1.335001067,8.10789584,10.067050936,7.582232129,8.206244166,0.5781223807,9.021598247,6.685860947,1.741575209,10.708556179,0.9383056269,13.217689921,0.0321767317,0.01891988485,0.03004412135,0.09257918129,0,false,0.102917534,0.03652477468,0.0817643018,0.06644295655,false,true,false
11560118,도림동,영등포구,11560,3512.795080462,1966.161258359,0.5542213195,-0.007214583333,1.343152083,2.549347762,0.375,836,17598,0.5063,0.0868,0.1438,0.1933,0.1312,0.1614,0.1472,0.1363,0.5151145149,false,32082,260273,0.0289,0.0143,0.1613,0.2096,649,1022068,0.4414,0.1328,2589,0.0681,0.0135,0.2043,0.2654,0.0407,0.0918,0.3013,0.1865,0.1143,0.753,0.0528,0.1942,0.1689,0.006,0.0069,0,56684,3.2,0.0619,0.2286,0.2208,true,false,false,false,2026-04-25 08:14:40.931 -0700,1.435084525,8.657927834,10.945247263,7.583838321,8.164167319,-0.1932284775,9.775597361,6.728628613,0.2950191526,10.376050404,0.9358375468,12.469486359,0.005982071678,0.006876303939,0.06005975643,0.149626174,0,false,0.0284902704,0.06588136911,0.1373241909,0.1277773699,false,true,false
11560119,문래동1가,영등포구,11560,3857.488504337,1990.033061352,0.5291592347,0.1526544643,4.564758482,2.223079766,0.3958333333,2745.5,264,0.6136,0.0341,0.0833,0.178,0.0985,0.1439,0.197,0.2652,0.3892796186,false,28176,289508,0.0228,0.0146,0,1,14,3584,0.3228,0.0479,1435,0.0437,0.01,0.2051,0.2763,0.0322,0.1267,0.2676,0.1913,0.1059,0.505,0.1541,0.3409,0.1599,0.007,0.0005,0,21326,80.8,0.0243,0.2651,0.2837,false,true,false,false,2026-04-25 08:14:40.931 -0700,4.404277244,2.410140144,9.967682265,7.595906531,8.257771604,0.5344455212,5.579729826,7.917718487,1.518365606,10.246225831,0.7988935164,12.575938209,0.006975613736,0.0004998750417,0.02400945246,0.1344434765,0,false,0.02254396443,0.04277209184,0.1798184266,0.2352302124,false,true,false
11560120,문래동2가,영등포구,11560,3857.488504337,1990.033061352,0.5291592347,0.1526544643,4.564758482,2.223079766,0.3958333333,2745.5,1052,0.501,0.1283,0.0922,0.1673,0.173,0.1264,0.1511,0.1616,0.5960019009,false,36083,311856,0.0522,0.0116,0.0005,0.2249,1426,77500,0.454,0.1849,2782,0.053,0.0095,0.1723,0.5678,0.0385,0.0528,0.1685,0.1395,0.0329,0.5068,0.1575,0.3357,0.2346,0.0038,0.0004,0.0001,67713,64.4,0.0079,0.0537,0.3853,false,true,false,false,2026-04-25 08:14:40.931 -0700,4.180522258,11.25569001,11.123033464,7.595906531,8.257771604,0.5344455212,6.959398512,7.917718487,1.518365606,10.493577119,0.7988935164,12.650296822,0.003792798239,0.0003999200213,0.007868958379,0.1190267064,9.999500033e-05,true,0.05088321031,0.05164323315,0.1407180069,0.1497983651,false,true,false
11560121,문래동3가,영등포구,11560,3597.112727068,1988.364705064,0.5468736842,0.1598791667,3.786897917,1.882996256,0.4375,2078,13383,0.4839,0.1786,0.1108,0.1264,0.1778,0.1549,0.1187,0.1329,0.5956665211,false,50122,816017,0.166,0.0594,0.4739,0.2686,547,488099,0.7349,0.1466,6035,0.0429,0.0139,0.1657,0.2423,0.0412,0.1017,0.3,0.1769,0.1379,0.5321,0.1943,0.2736,0.2346,0.0085,0.0037,0.1106,504738,37.7,0.0438,0.1939,0.2061,true,false,false,false,2026-04-25 08:14:40.931 -0700,3.6558396,8.178271602,13.131794762,7.595067824,8.187886782,0.5427471572,9.501815243,7.639161172,1.331547192,10.822215312,0.6328642615,13.612190467,0.008464078412,0.003693171838,0.04286790023,0.1440137601,0.1049004098,true,0.1535790879,0.04200529415,0.1121672969,0.1247807169,false,true,false
11560122,문래동4가,영등포구,11560,3857.488504337,1990.033061352,0.5291592347,0.1526544643,4.564758482,2.223079766,0.3958333333,2745.5,1906,0.5047,0.1516,0.1097,0.1438,0.1527,0.1721,0.1396,0.1306,0.6584682963,false,42984,560333,0.1091,0.0294,0.0004,0.2047,572,69123,0.7173,0.1656,5200,0.0646,0.0158,0.1459,0.3015,0.0438,0.1002,0.2757,0.1923,0.0865,0.6196,0.1555,0.2249,0.557,0.0032,0.0092,0,23104,12.1,0.016,0.1418,0.1376,false,true,false,false,2026-04-25 08:14:40.931 -0700,2.57261223,8.301012932,10.047761042,7.595906531,8.257771604,0.5344455212,7.553286606,7.917718487,1.518365606,10.668583232,0.7988935164,13.236286529,0.003194890897,0.009157937785,0.01587334916,0.1587970117,0,false,0.1035488756,0.06259914176,0.1306773236,0.1227484653,false,true,false
11560123,문래동5가,영등포구,11560,3857.488504337,1990.033061352,0.5291592347,0.1526544643,4.564758482,2.223079766,0.3958333333,2745.5,4199,0.4925,0.1748,0.1198,0.1843,0.1715,0.1457,0.1053,0.0986,0.6405117192,false,42234,517319,0.1003,0.0315,0.0841,0.243,563,175503,0.7106,0.2154,5354,0.0551,0.0208,0.1544,0.1908,0.0388,0.1125,0.3707,0.2335,0.0537,0.6622,0.1246,0.2132,0.032,0.0067,0.0023,0,141206,33.6,0.6685,0.2375,0.0281,false,true,false,false,2026-04-25 08:14:40.931 -0700,3.543853682,8.257245838,11.857975096,7.595906531,8.257771604,0.5344455212,8.342839804,7.917718487,1.518365606,10.650980863,0.7988935164,13.156414984,0.006677654753,0.002297359049,0.5119250192,0.1360158039,0,false,0.09558286989,0.05363554917,0.1001167913,0.09403664193,false,true,false
11560124,문래동6가,영등포구,11560,3857.488504337,1990.033061352,0.5291592347,0.1526544643,4.564758482,2.223079766,0.3958333333,2745.5,10694,0.4797,0.1904,0.0944,0.2346,0.2044,0.1228,0.0843,0.069,0.6429932378,false,46055,492655,0.1313,0.039,0.0191,0.2092,1734,361233,0.7469,0.2401,5936,0.0499,0.0198,0.1673,0.1191,0.0349,0.1086,0.4187,0.2459,0.0728,0.6609,0.1308,0.2084,0.1457,0.0196,0.0036,0.3941,186904,17.5,0.0211,0.1261,0.2654,false,true,false,false,2026-04-25 08:14:40.931 -0700,2.917770732,12.013842978,12.138350395,7.595906531,8.257771604,0.5344455212,9.277531622,7.917718487,1.518365606,10.737591613,0.7988935164,13.107564411,0.01941039352,0.00359353551,0.02088047758,0.1158255655,0.3322490458,true,0.123367414,0.04869492154,0.0809346175,0.06672363204,false,true,false
11560125,양평동1가,영등포구,11560,3857.488504337,1990.033061352,0.5291592347,0.1526544643,4.564758482,2.223079766,0.3958333333,2745.5,4919,0.479,0.1201,0.1559,0.2194,0.1482,0.1218,0.1183,0.1163,0.5320817076,false,38425,407012,0.0721,0.0229,0.0566,0.2215,826,167321,0.6267,0.1673,4325,0.0558,0.0181,0.1853,0.2509,0.0378,0.1312,0.3488,0.1667,0.0645,0.5787,0.1808,0.2404,0.6366,0.0373,0.0955,0,61736,12.6,0.0172,0.163,0.1255,false,true,false,false,2026-04-25 08:14:40.931 -0700,2.610069793,9.38265419,11.030622508,7.595906531,8.257771604,0.5344455212,8.501063809,7.917718487,1.518365606,10.556463568,0.7988935164,12.916597948,0.03662118346,0.09121088005,0.01705375457,0.1149345381,0,false,0.06961934188,0.05429877341,0.1118096751,0.110019645,false,true,false
11560126,양평동2가,영등포구,11560,3857.488504337,1990.033061352,0.5291592347,0.1526544643,4.564758482,2.223079766,0.3958333333,2745.5,7117,0.4793,0.1044,0.1451,0.2739,0.1695,0.1272,0.0902,0.0898,0.5210576011,false,41866,386638,0.0932,0.0258,0.0864,0.2405,904,297757,0.6678,0.2322,4902,0.0443,0.0203,0.1828,0.2914,0.0436,0.1324,0.2744,0.1516,0.1065,0.6478,0.1136,0.2386,0.354,0.0111,0.011,0,50403,7.1,0.0175,0.185,0.2519,false,true,false,false,2026-04-25 08:14:40.931 -0700,2.091864062,9.669154315,10.827805976,7.595906531,8.257771604,0.5344455212,8.870382066,7.917718487,1.518365606,10.642229321,0.7988935164,12.865244134,0.01103884712,0.01093994004,0.01734863833,0.1197366816,0,false,0.08910917507,0.0433468045,0.08636116565,0.08599419317,false,true,false
11560127,양평동3가,영등포구,11560,3426.095128748,1902.237731291,0.5518287141,0.16468125,5.268845833,2.202383674,0.3333333333,1302,12023,0.4812,0.151,0.1574,0.2129,0.1572,0.1407,0.093,0.0877,0.570611593,false,43808,544469,0.1184,0.0322,0.0755,0.2069,746,460356,0.7024,0.1792,4996,0.0465,0.0183,0.1767,0.2787,0.0385,0.1632,0.2966,0.1549,0.068,0.5527,0.1842,0.2631,0.1385,0.0208,0.0789,0,201077,16.7,0.0231,0.3003,0.1942,true,false,false,false,2026-04-25 08:14:40.931 -0700,2.87356464,9.069401984,12.211443198,7.550786225,8.139176445,0.5481275688,9.394659931,7.171656823,1.661811332,10.687571728,0.7895402619,13.207566287,0.02058663361,0.07594200358,0.0228372339,0.1316421091,0,false,0.1118990925,0.0454512629,0.08892620919,0.08406537512,false,true,false
11560128,양평동4가,영등포구,11560,3857.488504337,1990.033061352,0.5291592347,0.1526544643,4.564758482,2.223079766,0.3958333333,2745.5,6688,0.4855,0.0861,0.1902,0.2633,0.1254,0.1305,0.1051,0.0993,0.4458880693,false,38394,366819,0.0674,0.0283,0.0286,0.3111,615,249654,0.6107,0.1591,4248,0.0425,0.0198,0.1916,0.3013,0.0389,0.0796,0.2623,0.1891,0.1289,0.5534,0.1692,0.2774,0.2991,0.0136,0.0046,0,419198,62.7,0.0171,0.2857,0.2262,false,true,false,false,2026-04-25 08:14:40.931 -0700,4.154184563,8.50401679,12.946098641,7.595906531,8.257771604,0.5344455212,8.808219665,7.917718487,1.518365606,10.555656476,0.7988935164,12.812623817,0.01350835002,0.004589452334,0.01695544065,0.1226600127,0,false,0.06522578492,0.04162167469,0.09993582861,0.0946736136,false,true,false
11560129,양평동5가,영등포구,11560,3288.798466819,1812.818322287,0.5504966873,0.02903541667,3.8925,2.022561211,0.4791666667,1215,5850,0.475,0.1166,0.1549,0.2627,0.1515,0.1251,0.1154,0.0738,0.5521589821,false,45691,493690,0.1166,0.0341,0.017,0.2385,11260,219469,0.7247,0.1908,5381,0.0416,0.0194,0.1677,0.121,0.0204,0.0669,0.3268,0.3287,0.1361,0.5679,0.1703,0.2618,0.089,0.0143,0.0039,0.4356,291103,49.8,0.031,0.2245,0.2669,true,false,false,false,2026-04-25 08:14:40.931 -0700,3.927896355,22.413591186,12.581432435,7.502637997,8.098277569,0.3073570647,8.674367866,7.102499356,1.359051625,10.729656621,0.7043646348,13.109663069,0.0141987194,0.003892414715,0.03052920503,0.1178719206,0.3615828803,true,0.1102883539,0.04075799247,0.109213085,0.07120375901,false,true,false
11560130,양평동6가,영등포구,11560,3857.488504337,1990.033061352,0.5291592347,0.1526544643,4.564758482,2.223079766,0.3958333333,2745.5,4297,0.488,0.0982,0.1764,0.3093,0.152,0.1108,0.0915,0.0619,0.5222970821,false,40558,359944,0.0753,0.0265,0.1651,0.2011,927,127400,0.6933,0.21,4994,0.0584,0.0219,0.1846,0.2464,0.0387,0.1312,0.2124,0.2944,0.0768,0.6621,0.0791,0.2588,0.0024,0.0002,0,0,753209,175.3,0.2729,0.4694,0.2043,false,true,false,false,2026-04-25 08:14:40.931 -0700,5.172187089,9.750470867,13.532098025,7.595906531,8.257771604,0.5344455212,8.365905077,7.917718487,1.518365606,10.610488327,0.7988935164,12.793703743,0.0001999800027,0,0.2412977619,0.1050804765,0,false,0.07259969241,0.05675833382,0.08755289701,0.06005975643,false,true,false
11560131,양화동,영등포구,11560,3857.488504337,1990.033061352,0.5291592347,0.1526544643,4.564758482,2.223079766,0.3958333333,2745.5,0,0,0,0,0,0,0,0,0,0.4721793778,true,38271,282604,0.0519,0,0,0,13,212,0.6887,0,5253,0.0185,0.0283,0.1323,0.5352,0.0381,0.0892,0.2255,0.0793,0.0327,0.5137,0.0677,0.4186,0.9277,0,0,0,2186,0,0.0026,0.0391,0.1681,false,true,true,true,2026-04-25 08:14:40.931 -0700,0,2.351332677,7.689828669,7.595906531,8.257771604,0.5344455212,0,7.917718487,1.518365606,10.552447708,0.7988935164,12.551801903,0,0,0.002596625847,0,0,false,0.05059805276,0.01833095668,0,0,true,false,false
11560132,신길동,영등포구,11560,3937.2041427,1943.471664375,0.4880680468,0.09853125,3.33698125,2.340331697,0.3541666667,13740,101487,0.4953,0.1202,0.1341,0.1657,0.14,0.1556,0.1511,0.1333,0.5502352665,false,34361,353890,0.0462,0.0162,0.0839,0.2281,643,4562454,0.5147,0.1516,3309,0.059,0.0155,0.1829,0.2617,0.0359,0.0963,0.3325,0.1716,0.102,0.683,0.0634,0.2536,0.1827,0.0087,0.0464,0,541464,5.3,0.0618,0.2313,0.2254,true,false,false,false,2026-04-25 08:14:40.931 -0700,1.840549633,8.631164389,13.202031861,7.57223117,8.278226142,0.4618755784,11.527695844,9.528066566,1.205066581,10.444677479,0.8502926701,12.776741409,0.008662373079,0.04535570172,0.05996558117,0.1446196896,0,false,0.04516455195,0.05732506662,0.1407180069,0.1251337308,false,true,false
11560133,대림동,영등포구,11560,3001.567266587,1626.930243071,0.5279609384,-0.053675,5.92635,2.063807764,0.4583333333,2612,46204,0.4952,0.088,0.1289,0.1487,0.1188,0.1713,0.1744,0.17,0.5258430973,false,30160,235030,0.0186,0.0096,0.0901,0.1891,591,4130372,0.3639,0.1393,1974,0.0642,0.0089,0.1985,0.2093,0.0342,0.0954,0.3171,0.2108,0.1332,0.7137,0.0763,0.21,0.2271,0.0158,0.0629,0,239107,5.2,0.0574,0.2347,0.2185,true,false,false,false,2026-04-25 08:14:40.931 -0700,1.824549292,8.391924535,12.384666429,7.394450232,8.006889853,-0.3772168706,10.740843296,7.86787149,1.779408509,10.314271822,0.7245527059,12.367468445,0.01567647939,0.06100102156,0.05581306482,0.1581142431,0,false,0.01842913547,0.06222334318,0.1607573789,0.1570037488,false,true,false
11560134,양평동,영등포구,11560,3857.488504337,1990.033061352,0.5291592347,0.1526544643,4.564758482,2.223079766,0.3958333333,2745.5,0,0,0,0,0,0,0,0,0,0.4721793778,true,43085,470961,0.1078,0.0373,0.0016,0.1187,180,11821,0.7533,0.1538,4682,0.0287,0.0202,0.1785,0.2741,0.0325,0.116,0.3254,0.1814,0.0707,0.5387,0.1303,0.3311,0.6948,0,0.0194,0,2035,0,0.001,0.1202,0.0945,false,true,false,true,2026-04-25 08:14:40.931 -0700,0,5.6462064,7.618251098,7.595906531,8.257771604,0.5344455212,0,7.917718487,1.518365606,10.670930188,0.7988935164,13.062530567,0,0.01921421892,0.0009995003331,0,0,false,0.1023760666,0.02829586915,0,0,true,false,false
11650101,방배동,서초구,11650,6025.44266585,3128.397822732,0.5219376842,0.5279,6.599164583,2.059174249,0.3958333333,2734,93659,0.463,0.1587,0.1202,0.1351,0.163,0.1656,0.13,0.1274,0.5291155225,false,51903,867300,0.1451,0.0602,0.5275,0.3412,617,3228485,0.646,0.1181,6281,0.0468,0.0165,0.1839,0.1555,0.0236,0.0727,0.3433,0.2806,0.1243,0.6506,0.1109,0.2385,0.2074,0.0098,0.0178,0.0504,2197428,23.5,0.0577,0.3382,0.2169,true,false,false,false,2026-04-25 08:14:40.931 -0700,3.198673118,8.513225252,14.602798143,8.048276275,8.703746227,0.8081971473,11.447426483,7.913521017,1.886943063,10.857131871,0.7223050527,13.673140217,0.009752291443,0.01764343517,0.05609673935,0.1532359759,0.04917104401,true,0.1354919694,0.04573789167,0.1222176327,0.1199140967,false,true,false
11650102,양재동,서초구,11650,5186.119626552,2238.923111646,0.4344612519,0.1560166667,4.21976875,2.478796483,0.4166666667,794,35084,0.4886,0.1122,0.1378,0.194,0.1563,0.1545,0.1342,0.1109,0.5051913911,false,41544,467612,0.0902,0.0375,0.1433,0.3834,938,1211575,0.624,0.1285,4849,0.0555,0.0212,0.1975,0.1631,0.0302,0.0713,0.3314,0.2747,0.1293,0.5114,0.1879,0.3007,0.0169,0.0009,0.0016,0,44668072,1273.2,0.0386,0.36,0.3028,true,false,false,true,2026-04-25 08:14:40.931 -0700,7.15007381,9.788886404,17.614769531,7.713750276,8.553741033,0.5383407649,10.465528968,6.677083461,1.439780328,10.634508386,0.9077731533,13.055394171,0.0008995952428,0.001598721364,0.03787365243,0.1436673498,0,false,0.08636116565,0.05401458831,0.1259275566,0.1051704976,false,true,false
11650103,우면동,서초구,11650,4429.559737865,2330.135891846,0.5285356727,0.005245833333,2.4683625,2.072168974,0.5,2883,26785,0.4734,0.1846,0.1019,0.1217,0.1593,0.1609,0.1457,0.1259,0.634806491,false,45846,597877,0.1322,0.0485,0.1578,0.2226,925,961925,0.6761,0.1514,5561,0.052,0.0204,0.1783,0.1996,0.0306,0.1256,0.3899,0.1334,0.1209,0.7078,0.1371,0.1551,0.2601,0.0266,0.0099,0,194795,7.3,0.0432,0.2052,0.2608,true,false,false,false,2026-04-25 08:14:40.931 -0700,2.116255515,9.74345362,12.179703003,7.753681868,8.396055476,0.173755645,10.195634642,7.966586698,0.9035549753,10.733043233,0.7285958723,13.301140326,0.02625237114,0.00985131605,0.04229291219,0.1491955664,0,false,0.1241626426,0.05069311432,0.1360158039,0.1185827158,false,true,false
11650104,원지동,서초구,11650,6368.59082609,2910.438304095,0.4811533426,0.3829403646,5.653440104,2.158261457,0.3645833333,5643.125,250,0.524,0.064,0.056,0.116,0.108,0.092,0.252,0.312,0.6812385256,false,26680,570098,0,0,0,0,1,1144,0.5254,0.1579,956,0.0334,0.0009,0.2034,0.2538,0.0405,0.0871,0.3337,0.1767,0.1083,0.3941,0.0613,0.5446,0.1412,0.0042,0,0,133369,533.5,0.1282,0.176,0.1769,false,true,false,false,2026-04-25 08:14:40.931 -0700,6.28133173,1,11.800875002,7.976058969,8.759133504,0.7261792823,5.525452939,8.638193269,1.732264228,10.1916695,0.7693030168,13.253563555,0.004191204618,0,0.1206234423,0.08801087732,0,false,0,0.03285433687,0.2247422727,0.2715526905,false,true,false
11650106,잠원동,서초구,11650,9358.51170093,3288.287478483,0.3660855777,0.7374208333,8.293204167,2.248358157,0.2083333333,7713,50663,0.4797,0.1992,0.1151,0.1168,0.1782,0.1868,0.1094,0.0945,0.5995161035,false,59427,1222889,0.2149,0.068,0.2321,0.2906,1176,1879784,0.6753,0.1437,8516,0.0349,0.0149,0.1661,0.2281,0.0271,0.0672,0.3864,0.1758,0.1155,0.6088,0.0995,0.2917,0.5218,0.0242,0.0319,0,598737,11.8,0.024,0.1258,0.1559,true,false,false,false,2026-04-25 08:14:40.931 -0700,2.549445171,10.555239301,13.302577716,8.098122185,9.144041551,0.9034521972,10.832970878,8.950662496,2.115436404,10.992503948,0.810200242,14.01672665,0.02391182005,0.03140176314,0.02371652662,0.1712606094,0,false,0.1946617689,0.03430480369,0.1038193286,0.09029763798,false,true,false
11650107,반포동,서초구,11650,9851.531312751,4440.989119216,0.4829159302,0.89314375,9.641433333,2.184553059,0.2708333333,15276,78879,0.4781,0.2176,0.1063,0.1219,0.1985,0.1582,0.1004,0.0971,0.6174492781,false,65748,1385583,0.206,0.0782,0.3692,0.3115,1165,2637539,0.6232,0.1196,9749,0.0315,0.0162,0.1616,0.2438,0.0502,0.0926,0.3421,0.1755,0.0957,0.5278,0.1002,0.372,0.1141,0.0047,0.016,0,4508753,57.2,0.0261,0.2283,0.3447,true,false,false,false,2026-04-25 08:14:40.931 -0700,4.063885355,10.522225859,15.321531177,8.398632405,9.195382185,0.9630314514,11.275682989,9.634038248,2.266069784,11.093584531,0.7814112582,14.141631548,0.004688989486,0.01587334916,0.02576520789,0.1468670758,0,false,0.1873090983,0.03101405353,0.09567375007,0.09267033484,false,true,false
11650108,서초동,서초구,11650,7040.576159452,2990.012590592,0.4283400806,0.5943270833,8.071791667,2.054608845,0.3125,12272,106138,0.4775,0.1638,0.1352,0.1544,0.1719,0.1597,0.1092,0.1058,0.5304243587,false,63928,1016516,0.1902,0.0705,0.489,0.3543,1312,4072078,0.6436,0.1276,7633,0.0358,0.0152,0.1752,0.2283,0.0348,0.1042,0.3358,0.2037,0.0932,0.4752,0.1918,0.333,0.119,0.0066,0.0078,0.0344,15911504,149.9,0.1518,0.3536,0.2162,true,false,false,false,2026-04-25 08:14:40.931 -0700,5.016617366,10.947381151,16.582552928,8.003032877,8.859445287,0.8407662097,11.572504835,9.415075524,2.088375473,11.065512729,0.7200854869,13.831891652,0.00657831536,0.007769737264,0.1413259361,0.148161351,0.03382154848,true,0.1741213602,0.03517407501,0.1036390348,0.1005690549,false,true,false
11650109,내곡동,서초구,11650,4180.609979001,2292.071248952,0.5601196921,0.04763541667,2.769908333,1.937200237,0.4791666667,2341,8022,0.4862,0.1916,0.0891,0.1171,0.1758,0.1416,0.1486,0.1363,0.6966230581,false,49665,783263,0.1528,0.0657,0.2653,0.3517,1129,261564,0.7308,0.1507,6467,0.0526,0.021,0.1883,0.1614,0.0308,0.1366,0.3719,0.1552,0.1441,0.6721,0.1231,0.2048,0.2189,0.0064,0.0095,0,59655,7.4,0.0758,0.235,0.2073,true,false,false,false,2026-04-25 08:14:40.931 -0700,2.128231706,10.41270656,10.996333246,7.737211163,8.338212443,0.3625020193,8.990067696,7.758333467,1.018814227,10.813055739,0.6612437539,13.571223806,0.006379606964,0.009455158771,0.07306457086,0.1324307872,0,false,0.1421937657,0.05126329394,0.1385438094,0.1277773699,false,true,false
11650110,염곡동,서초구,11650,6368.59082609,2910.438304095,0.4811533426,0.3829403646,5.653440104,2.158261457,0.3645833333,5643.125,969,0.484,0.1218,0.0898,0.1404,0.1228,0.1486,0.1868,0.1899,0.6012130907,false,34750,547274,0.0687,0.0447,0.0216,0.3349,57,27117,0.3008,0.1246,2276,0.0287,0.0038,0.1483,0.354,0.0382,0.1271,0.2836,0.1377,0.0595,0.5159,0.1671,0.317,0.451,0.035,0.018,0,10621,11,0.0227,0.1867,0.1865,false,true,false,false,2026-04-25 08:14:40.931 -0700,2.48490665,3.848495945,9.270588452,7.976058969,8.759133504,0.7261792823,6.877296071,8.638193269,1.732264228,10.455934851,0.7693030168,13.21270487,0.03440142672,0.01783991813,0.02244618883,0.1385438094,0,false,0.06644295655,0.02829586915,0.1712606094,0.17386927,false,true,false
11650111,신원동,서초구,11650,4876.375426321,2574.689169294,0.5268308509,0.1018333333,3.1638875,2.231231654,0.3333333333,1132,7875,0.4754,0.1605,0.0889,0.1478,0.1702,0.1432,0.145,0.1444,0.6450544933,false,47780,752967,0.1434,0.0612,0.1958,0.3,695,215457,0.7333,0.1317,6252,0.0452,0.0183,0.16,0.2158,0.0357,0.1034,0.308,0.1615,0.1755,0.6657,0.0504,0.2839,0.4956,0.019,0.003,0,68100,8.6,0.0143,0.0971,0.1616,true,false,false,false,2026-04-25 08:14:40.931 -0700,2.261763098,8.857829589,11.128732492,7.853484095,8.492157482,0.4669786056,8.97157544,7.031741259,1.151801493,10.774362421,0.8025537441,13.531776681,0.01882175424,0.00299550898,0.0141987194,0.1338313476,0,false,0.1340062798,0.04420825466,0.135404637,0.1348804822,false,true,false
