DISTRICT_CODE,DISTRICT_KOR_NAME,SGG,CITY_CODE,AGE_UNDER20_PCT_W,AVG_ASSET_LN_W,EXECUTIVE_PCT_W,HIGH_CREDIT_PCT_W,MEME_MOM_AVG_CBRT_W,RESIDENT_RATIO_W,TOTAL_POP_LN_W,VISITOR_RATIO_W,WORKER_RATIO_W,AGE_50S_PCT_W,CASH_ADVANCE_PCT_W,INSTALLMENT_PCT_W,PREMIUM_40PY_RATIO_W,SALES_PER_CAPITA_MONTHLY_LN_W,AGE_20S_PCT_W,AGE_30S_PCT_W,AGE_40S_PCT_W,AGE_60S_PCT_W,AGE_OVER70_PCT_W,AVG_INCOME_LN_W,COFFEE_PCT_W,CREDIT_CARD_INTENSITY_W,DELINQUENT_AMT_CBRT_W,EARLY_MORNING_RATIO_W,ECOMMERCE_PCT_W,FOOD_PCT_W,HIGH_INCOME_PCT_W,JEONSE_PRICE_LN_W,LUNCH_TIME_RATIO_W,MALE_RATIO_W,MEDICAL_PCT_W,MEME_DECLINE_PCT_W,MEME_PRICE_LN_W,MEME_YOY_AVG_LN_W,MORTGAGE_BURDEN_W,MULTI_HOUSING_RATIO_W,NEW_CREDIT_PCT_W,PRICE_RATIO_W,PRICE_VOLATILITY_LN_W,RUSH_HOUR_RATIO_W,SALES_MONTHLY_AVG_LN_W,SEG_ADULT_CHILD_PCT_W,SEG_INFANT_PCT_W,SEG_NEWLYWED_PCT_W,SEG_SENIOR_PCT_W,SEG_SINGLE_PCT_W,SEG_TEEN_PCT_W,TOTAL_HOUSEHOLDS_LN_W,AGE_DATA_RELIABLE_W,HAS_ECOMMERCE_W,HAS_RICHGO_APT_W,IS_GHOST_ECONOMY_W,LOW_RESIDENT_FLAG_W,SPH_LOW_QUALITY_W,WORKER_DOMINANT_W
11140101,무교동,중구,11140,-1.357372063,-0.4245968536,-0.7989616426,-2.125095849,-0.1943864218,-1.618400736,-1.592267322,0.7813477959,1.884382458,1.521243413,-0.2619640345,1.127888942,0.08361140944,1.105035641,-1.337835574,-1.583163341,-1.855207762,0.7726607188,1.327316097,-0.8977655079,-0.1528711678,-1.263715602,-0.09320683805,-0.4371404482,-0.2770004093,1.922868249,-0.5149860543,0.0005162408522,-1.352958492,0.5955393442,-0.2268219124,0.07785304006,-0.1406885044,-0.3242717576,-0.2930116213,1.632036658,-1.620842469,0.3423216893,-0.3940099771,-1.258135083,0.2394537429,-0.5154267812,0.02902459849,0.4726790137,-0.8481244867,0.2743248774,0.5716830204,0.3100886409,1,0,0,1,1,0,0
11140102,다동,중구,11140,-1.357372063,-0.2143850865,-0.5167098534,-1.381940763,-0.1943864218,-1.731309092,-0.9352527934,0.4234682868,2.378216944,0.2183155579,0.1951203909,-0.3849091425,-0.04659667856,0.9510951271,0.5058536979,-0.7457355694,-0.4495479644,0.7272936855,0.3579405617,-0.3404272884,-0.096576268,-0.9624973636,0.2104000521,0.01758838151,-0.0570419563,0.7429403389,-0.189525521,0.0005162408522,-1.064661178,0.7043307535,-0.3396922223,0.07785304006,-0.1406885044,-0.3242717576,-0.5283334885,1.632036658,-0.9546351592,0.3423216893,-0.3940099771,-0.6322033281,0.7587351322,-0.748603881,-0.0892070065,-0.3966495963,-0.8567458284,1.04608989,-0.405214637,0.3100886409,1,1,0,1,0,0,1
11140103,태평로1가,중구,11140,-1.357372063,-0.2145905351,-0.08392377655,-1.600173462,-0.1943864218,-1.367656205,-1.828984495,0.9165467216,1.367253893,0.6953510099,2.205923246,-0.5014843714,-0.3594707893,1.663423881,-1.337835574,-1.583163341,-1.855207762,2.797974706,0.534306006,-0.1596336382,-0.2006687243,-0.6503257346,0.1460602411,-0.332203026,-0.2736677055,-0.6312676886,0.05579157775,0.0005162408522,1.953531048,-0.1054362313,-0.3617755438,0.07785304006,-0.1406885044,-0.3242717576,-0.2659496065,1.632036658,1.100685264,0.3423216893,-0.3940099771,0.0886350464,1.146315154,1.289752599,-0.5201802763,-0.7965407569,-0.1454851407,-2.025398608,3.110164294,0.3100886409,1,1,0,1,1,0,0
11140104,을지로1가,중구,11140,-1.357372063,-0.2268511567,-1.162752838,-1.986008875,-0.1943864218,-1.588340719,-2.19799891,1.04246729,1.607182912,5.650705428,0.08269236689,-0.699796255,0.02334723442,1.551588411,-1.337835574,-1.583163341,-1.855207762,-1.252653268,-1.051714177,-0.943095641,-0.1857983734,-1.287447948,-1.189729998,0.1560474803,-0.2770004093,-0.2629989335,-0.4250690301,0.0005162408522,0.2632923753,2.698466071,-0.3053403888,0.07785304006,-0.1406885044,-0.3242717576,-0.6295218914,1.437327125,-1.436572362,0.3423216893,-0.3940099771,0.6219198627,0.2008942432,-0.6359016161,0.01758283027,0.9768896076,-0.9537359222,0.2762713213,0.6697359452,0.3100886409,1,0,0,1,1,0,0
11140105,을지로2가,중구,11140,-1.357372063,-0.0537075314,-0.1090128245,-1.466324073,-0.1943864218,-1.627931961,-0.9352527934,0.0178715097,2.5703931,0.3649940487,-0.07765579847,-0.07940164617,-0.0287984507,1.726113172,0.9662575431,-0.5366141236,-0.09852830731,0.9079516932,-0.4877253997,-0.2844242229,-0.298388173,-0.7625979871,0.2223294928,0.5699673125,-0.2592259889,-1.360033994,0.06947460317,0.0005162408522,1.218755595,1.327918625,-0.3715903533,0.07785304006,-0.1406885044,-0.3242717576,-0.4071427269,1.632036658,-1.535794727,0.3423216893,-0.3940099771,0.3846533131,2.499240378,0.8778063898,1.238038108,-1.005179623,-0.2015238615,-1.734405243,2.209530022,0.3100886409,1,1,0,1,0,0,1
11140106,남대문로1가,중구,11140,-1.357372063,-0.689103426,-1.589266652,-1.113660031,-0.1943864218,-2.034841944,-2.477147539,0.7163992924,2.603004811,-0.9564337961,-0.9678645785,-2.238053298,0.1213050641,-1.12835206,-1.337835574,-1.583163341,-1.855207762,-1.252653268,-1.051714177,0.003954811415,1.152533207,-0.5809542615,-2.163521147,-0.1121259321,-0.2770004093,2.057137397,-0.8863824587,0.0005162408522,-1.890007911,-2.909338533,-0.3740440557,0.07785304006,-0.1406885044,-0.3242717576,2.36377226,-1.607722636,-1.946858812,0.3423216893,-0.3940099771,-0.5271281419,-0.9521046744,-1.82121854,0.2006511219,2.306962381,-1.492569777,1.605692515,-0.6122152558,0.3100886409,0,0,0,1,1,1,1
11140107,삼각동,중구,11140,-1.357372063,-0.2330584533,-1.589266652,-1.682810911,-0.1943864218,-1.548016306,-1.755558801,0.7097718941,1.835464891,-0.9564337961,0.1232401788,-1.535922034,-0.6598549156,0.7150990308,-1.337835574,-1.583163341,-1.855207762,1.987849111,2.754734262,-0.9553553845,1.885429073,-1.148705002,-0.3382578572,0.0904615914,-0.2770004093,0.724807528,-0.1142688811,0.0005162408522,-1.479248023,0.4553442291,0.1068816125,0.07785304006,-0.1406885044,-0.3242717576,-0.6518774688,-1.391630691,-1.068032148,0.3423216893,-0.3940099771,0.3270314367,-0.8717184765,-0.6397879011,1.35245579,0.9073433188,-1.171424799,-0.2599739773,1.23807975,0.3100886409,1,0,0,1,1,0,0
11140108,수하동,중구,11140,-1.357372063,0.3941199327,1.534319815,0.2265797216,-0.1943864218,-2.150682985,-2.477147539,-0.3625411537,3.735097076,-0.9564337961,-0.0481664807,-0.008384552719,-0.09780561484,-1.12835206,-1.337835574,-1.583163341,-1.855207762,-1.252653268,-1.051714177,2.454405218,0.749971565,0.9411106255,-0.972576607,-0.3088835988,-0.2770004093,2.099015556,2.459117258,0.0005162408522,-1.859392267,-2.909338533,-0.2489052339,0.07785304006,-0.1406885044,-0.3242717576,1.110683317,1.632036658,1.114859887,0.3423216893,-0.3940099771,-0.9643764976,0.0979839047,-1.236332648,0.803250915,1.220301618,-1.220997514,0.442692276,0.7205782024,0.3100886409,0,0,0,1,1,0,1
11140109,장교동,중구,11140,-1.357372063,0.8274977575,1.220706716,0.05839505449,-0.1943864218,-1.825154998,-2.03470743,-0.1491389279,3.03045117,2.347135816,1.977381033,0.8612398558,-0.09218512184,1.087010382,-1.337835574,-1.583163341,-1.855207762,-1.252653268,2.120326189,1.027169525,-0.02116234561,0.8229052865,-0.8794757793,-0.2709895297,-0.2770004093,-0.9196657289,0.9100033079,0.0005162408522,0.2811515009,-0.1054362313,-0.2832570673,0.07785304006,-0.1406885044,-0.3242717576,0.2670544228,1.632036658,0.7604942971,0.3423216893,-0.3940099771,1.531441636,-0.4953021876,-0.1637179891,2.263983325,0.4292125832,-0.1584171532,-0.5246903498,0.09776055097,0.3100886409,1,0,0,1,1,0,1
11140110,수표동,중구,11140,-1.357372063,0.05265294558,-0.7550558087,0.7427728003,-0.1943864218,-1.490095786,-2.19799891,1.233336361,1.283395207,-0.9564337961,-0.5402694709,-0.4130479909,-0.5705515267,1.368911855,-1.337835574,-1.583163341,-1.855207762,-1.252653268,5.292366554,1.249727801,0.02663521083,1.098565614,-0.3337621212,-0.1441901445,-0.2770004093,0.4459076267,1.18952797,0.0005162408522,-0.135986647,2.698466071,0.462668459,0.07785304006,-0.1406885044,-0.3242717576,2.023732162,1.632036658,0.3777794597,0.3423216893,-0.3940099771,-0.5361668676,-0.2093452099,-0.5678916287,0.2311625038,0.9595030354,-0.3351546574,0.3940311781,-0.2327141212,0.3100886409,1,0,0,1,1,0,0
11140111,소공동,중구,11140,-1.357372063,0.09098552884,-0.3473587798,-1.068849583,-0.1943864218,-1.374254745,-2.19799891,2.02464772,0.4028790015,-0.9564337961,0.9913319706,-0.07136197521,-0.1995989882,2.112124335,-1.337835574,-1.583163341,-1.855207762,-1.252653268,5.292366554,0.5788927645,-0.3068855164,-0.2655878936,0.9209840662,-0.3773844161,-0.2314534569,-1.315565434,0.1173651922,0.0005162408522,1.055472161,2.698466071,-0.3691366509,0.07785304006,-0.1406885044,-0.3242717576,0.1399806145,0.4317058397,0.2643824709,0.3423216893,-0.3940099771,0.424197738,1.459697015,-0.5989819087,0.2998131131,3.193677563,-0.4472320991,0.5867291257,-0.9681110566,0.3100886409,1,1,0,1,1,0,0
11140112,남창동,중구,11140,-0.3353056286,-0.689129806,-0.9808572401,-0.1319038595,-0.1943864218,-0.9438832852,-0.06221832282,0.5321576192,1.031819148,0.09806562404,0.160101826,1.056871849,-0.6561079202,0.1916656233,-0.5362766272,-0.7137079606,-0.08113544142,0.6867874058,0.6408865623,-1.052420269,-0.150746832,-0.995357535,0.1807229555,-0.2928514926,-0.2770004093,-0.09548629931,-0.7984201524,0.0005162408522,0.5120444819,-0.1121655968,-0.2071922933,0.07785304006,-0.1406885044,-0.3242717576,-0.8154261665,-0.6529655722,-0.600269569,0.3423216893,-0.3940099771,0.1383480377,0.1474386656,1.723073376,0.02521067575,-1.326831209,0.8071731138,-1.643895601,1.043789695,0.3100886409,1,0,0,0,0,0,0
11140113,북창동,중구,11140,-0.8872995237,-1.548826022,-0.629610569,-1.689212403,-0.1943864218,-1.094183369,-0.4159966112,1.422879953,0.4879023917,-0.001041464318,0.07900620217,-0.2750336394,-0.166812779,0.4491913031,0.1615877597,0.4025484052,0.7173552199,0.2598512173,-0.2491879642,-1.190253133,-0.05302738324,-1.284709601,0.1558704642,-0.4531725544,-0.2770004093,2.336037298,-0.782782409,0.0005162408522,-2.152792188,0.4688029601,-0.3642292462,0.07785304006,-0.1406885044,-0.3242717576,-0.7354167317,0.0338633983,-0.8554127939,0.3423216893,-0.3940099771,-1.398235331,0.2849532332,-1.053677253,-0.04725385634,0.6639313079,-0.5162028325,0.4465851638,0.4699985059,0.3100886409,1,0,0,1,0,0,0
11140114,태평로2가,중구,11140,-1.043340201,-1.317416606,-0.8428674764,-1.250419189,-0.1943864218,-1.266478588,-0.808598045,1.20019937,0.9572780938,0.002922819216,0.2743729324,-0.9959241352,0.005236756954,0.9167747269,0.1678094333,0.3921865318,0.6952188451,0.05407931619,-0.0284139548,-0.4180850329,-0.1549955037,-0.7087438172,-0.8932837752,-0.2549574235,-0.1414704534,-0.4218768959,0.002036835002,0.0005162408522,-0.1372622989,1.160806048,-0.3200626032,0.07785304006,-0.1406885044,-0.3242717576,0.03879221154,1.632036658,-1.309000749,0.3423216893,-0.3940099771,1.563077176,0.842150172,1.077950067,0.3303244951,-0.5705153183,-0.3416206637,-1.128087963,1.347027444,0.3100886409,1,1,0,1,0,0,0
11140115,남대문로2가,중구,11140,-1.357372063,-0.4576358052,-1.589266652,-2.503365861,-0.1943864218,-1.069988722,-2.19799891,1.086208119,0.7453019703,-0.9564337961,-0.9678645785,-2.163016369,0.1213050641,0.887295016,-1.337835574,-1.583163341,-1.855207762,6.84860268,-1.051714177,-1.356125545,1.288490701,-1.715999351,-2.163521147,-0.4109060926,-0.2770004093,-0.5039062786,-0.8863824587,0.0005162408522,0.1510350144,2.698466071,0.02100202892,0.07785304006,-0.1406885044,-0.3242717576,-1.708472653,0.3950489161,-1.946858812,0.3423216893,-0.3940099771,-1.311237596,-1.290963223,-1.321830918,0.1053030533,0.5509185886,-0.8308818034,1.669925164,-1.343980601,0.3100886409,1,0,0,1,1,1,0
11140116,남대문로3가,중구,11140,-1.357372063,-0.05134773646,-0.242522401,-0.5848801211,-0.1943864218,-0.6440162883,-1.511451946,1.057047566,0.09423244792,0.3649940487,0.06968547111,0.01016411651,0.1213050641,0.6109508983,-1.337835574,-0.6411748465,-1.855207762,1.177723516,1.485918116,-0.008524647653,-0.1422494886,-0.2528350176,0.1461205574,-0.4254807346,-0.2770004093,2.07311154,-0.02799600958,0.0005162408522,-1.832603579,-0.6662166917,3.210815135,0.07785304006,-0.1406885044,-0.3242717576,-0.08016299235,0.3950489161,-0.2845804458,0.3423216893,-0.3940099771,-1.290900463,-0.7585466449,-0.09765114418,-0.199810766,-0.1010778689,2.884916456,-1.388911448,0.3701297863,0.3100886409,1,0,0,1,0,1,0
11140117,남대문로4가,중구,11140,-1.357372063,-0.2336349051,-0.3034529459,-1.026948905,-0.1943864218,-1.12057753,-1.828984495,0.5242047412,1.318336326,0.6953510099,1.525825855,-0.2844132556,-0.5112241005,2.255509422,-1.337835574,3.126779131,-1.855207762,-1.252653268,0.534306006,0.2320615238,-0.311134188,-0.6731452981,-0.4929649691,0.0205033099,5.038662206,-1.38118894,0.1633010632,0.0005162408522,0.4673966679,1.29651492,-0.3740440557,0.07785304006,-0.1406885044,-0.3242717576,-0.5612785499,-0.5424897803,-0.3593009678,0.3423216893,-0.3940099771,1.845537354,2.475967086,0.4911210327,1.226596339,-0.1271577272,-0.1541064823,-0.9869707796,0.9548157448,0.3100886409,1,1,0,1,1,0,0
11140118,남대문로5가,중구,11140,-0.3079985101,2.396758302,0.6875644473,-0.8936814694,-0.1943864218,-0.8405061543,0.1435046121,-0.1597427652,1.476736067,0.3570654816,-0.1218897751,-0.1584584106,2.434538734,0.9109471297,-0.9189095526,-1.048113876,-0.5792038737,1.435343455,0.456273813,0.145655351,-0.2643987995,-0.3701014945,0.6820052337,1.724278957,2.363611928,-1.157550939,0.07924819276,0.0005162408522,-0.590118698,1.038555908,-0.2660811506,0.07785304006,-0.1406885044,-0.3242717576,-0.9072016948,0.4025480061,-0.8412381703,0.3423216893,-0.3940099771,0.6253093848,2.020308306,-0.6397879011,1.26854949,-0.03153158009,-1.115386079,-0.02056137576,0.9802368735,0.3100886409,1,1,0,1,0,0,0
11140119,봉래동1가,중구,11140,-1.357372063,-0.393830411,-1.162752838,-1.283008605,-0.1943864218,-1.265012245,-0.9718895249,0.3267082713,1.722488606,1.461118446,1.133249312,-0.5390028359,0.4754846719,0.5599480747,-1.337835574,-1.353318148,0.4580434012,1.711596283,-0.4325318973,0.2176848251,0.1923334065,-0.4134586652,-2.163521147,0.5364456359,-0.2770004093,0.259830448,0.1330029355,0.0005162408522,-0.8835186186,2.561635638,-0.01580350691,0.07785304006,-0.1406885044,-0.3242717576,0.4117773711,1.632036658,0.09428698761,0.3423216893,-0.3940099771,0.04683094004,-0.166496909,0.5727330176,-0.6384118813,-0.1010778689,-0.02694169272,-1.058989204,1.788265605,0.3100886409,1,0,0,1,0,0,0
11140120,봉래동2가,중구,11140,-1.357372063,-0.05134773646,-0.242522401,-0.5848801211,-0.1943864218,-0.7261314561,-2.477147539,1.456016945,-0.1270613074,-0.9564337961,0.06968547111,0.01016411651,0.1213050641,-1.12835206,-1.337835574,-1.583163341,-1.855207762,-1.252653268,-1.051714177,-0.008524647653,0.08611661441,-0.2528350176,0.1461205574,-0.4779494457,-0.2770004093,-1.089768765,-0.02799600958,0.0005162408522,1.493020738,-2.909338533,-0.344599627,0.07785304006,-0.1406885044,-0.3242717576,-0.08016299235,0.3950489161,-0.2845804458,0.3423216893,-0.3940099771,-0.8412238599,-0.09251940648,0.4678033227,-0.2532056844,-0.0836912967,-0.0743590719,-0.2142325453,0.1631291674,0.3100886409,0,0,0,1,1,1,0
11140121,회현동1가,중구,11140,0.3961350451,1.14214743,1.070172428,0.1142626256,-0.1943864218,-0.2686326637,0.7696795858,-0.09081782271,0.5065376553,0.1542263074,0.06426154329,0.2555846437,1.283274417,-0.03083407452,-0.2127496009,-0.1956142887,0.05484514645,0.2290664447,0.1067149648,0.2792498291,-0.2697096391,0.2259455047,1.364040332,-0.4225658062,-0.2770004093,-0.9403889414,-0.02337449793,0.0005162408522,-0.2201796677,-0.2248824694,-0.312701496,0.07785304006,-0.1406885044,-0.3242717576,0.2058707373,-0.1922718005,-0.1608562373,0.3423216893,-0.3940099771,1.683970132,0.6809369647,0.1627299506,0.2273485811,1.089902327,-0.3976593845,-0.3553497291,0.5081301989,0.3100886409,1,0,0,0,0,0,0
11140122,회현동2가,중구,11140,0.6536021623,2.361921189,3.767245081,0.3621749723,-0.1943864218,-0.3199546436,0.2129030088,-0.01394000222,0.520514103,0.1819762922,-0.06106805722,0.1457091406,0.3955487713,0.5455639286,-0.1246092252,-0.5045865148,0.01373473616,0.2963068691,0.1130590455,1.175054024,10.218136413,0.8799541953,0.50950198,1.174814955,-0.2770004093,-1.366078264,0.6568673375,0.0005162408522,-0.5403682767,-0.3628344626,-0.3715903533,0.07785304006,-0.1406885044,-0.3242717576,0.3270614989,-0.3610632597,0.1226362348,0.3423216893,-0.3940099771,0.2807079675,1.285966439,-1.282968068,1.86733536,-0.1445442994,-1.208065501,0.8894011545,-0.2998985326,0.3100886409,1,0,0,1,0,0,0
11140123,회현동3가,중구,11140,3.386264519,-3.780677469,-1.589266652,-1.838774547,-0.1943864218,-0.3852068752,-1.01219577,0.9099193233,-0.1876259142,-0.5989875641,-0.9678645785,0.7929026526,0.1213050641,0.1594855114,0.624065496,-0.05525800303,-0.5728791952,-0.3769075003,-0.02270428214,-1.175978662,-0.1433116565,-1.462245805,-0.9778933892,-0.1762543568,-0.2770004093,0.6160106625,-0.8863824587,0.0005162408522,0.8705026457,-0.7873452711,0.1682241723,0.07785304006,-0.1406885044,-0.3242717576,0.1223314744,-1.607722636,-1.946858812,0.3423216893,-0.3940099771,-1.231018906,-1.118561361,-0.6883664636,-0.4286461305,0.9768896076,-0.2252325511,0.8533919421,-0.757478848,0.3100886409,1,0,0,1,0,1,0
11140124,충무로1가,중구,11140,0.4156401297,-0.1478661668,-1.125119266,-1.658950802,-0.1943864218,-1.134507782,-1.476410173,1.184293614,0.7616078259,0.2447441148,-0.6600698244,-0.548382452,-0.476252144,1.418138872,-1.337835574,-0.7268957995,1.019358619,1.692963395,-0.4750372382,-0.6410451646,-0.28457999,-1.068380138,-0.9996529355,-0.4604598754,-0.2758895081,-1.254259264,-0.5100992595,0.0005162408522,1.499398997,0.6594683166,-0.3053403888,0.07785304006,-0.1406885044,-0.3242717576,-0.8601373213,1.632036658,-0.7561904287,0.3423216893,-0.3940099771,0.04231157719,1.102092543,-0.2783633965,0.7231585375,3.08935813,-0.1648831594,-0.2590007554,-0.107424273,0.3100886409,1,1,0,1,0,0,0
11140125,충무로2가,중구,11140,-0.977022913,-1.338857679,-0.6986054508,-1.877183502,-0.1943864218,-0.989339896,-0.2423884244,1.450715026,0.2980556436,-0.4404162227,-0.6416390008,-0.5041642617,-0.3129455972,0.243895799,2.915715266,1.397288255,-0.3720706527,-0.8727043643,-0.8284025349,-1.35113597,-0.01478933809,-0.9095559762,-0.5749341908,-0.1164983247,-0.2770004093,0.2404024363,-0.6029483606,0.0005162408522,-0.553124795,-0.1491771072,-0.1875626741,0.07785304006,-0.1406885044,-0.3242717576,-1.151936437,1.632036658,-0.9829844064,0.3423216893,-0.3940099771,-0.8208867271,0.04020370427,-0.8535335759,-0.333298062,0.1684140002,-0.6778529888,0.9108120376,-0.2054771977,0.3100886409,1,0,0,0,0,0,0
11140126,명동1가,중구,11140,-1.357372063,-0.4765740604,-1.143936052,-2.328197748,-0.1943864218,-1.397716222,-1.639701653,0.9563111115,1.380065637,-0.012273601,-0.3633335643,-1.45418538,0.1207691132,1.104478327,0.1439596845,-0.2370617824,-1.855207762,1.061875556,0.7607896881,-1.747582023,-0.1422494886,-1.599163186,-1.384389104,-0.3526075247,-0.2770004093,-0.01950118688,-0.8208994084,0.0005162408522,-0.106646655,1.096316295,-0.2170071028,0.07785304006,-0.1406885044,-0.3242717576,-1.629639827,1.632036658,-1.890160317,0.3423216893,-0.3940099771,-0.892066692,0.1713274706,-1.298513208,-0.5125524308,0.7943305994,-0.7899304305,1.486959436,-0.8174000798,0.3100886409,1,0,0,1,1,0,0
11140127,명동2가,중구,11140,-1.318361894,-0.4447467144,-0.3536310418,-1.100857045,-0.1943864218,-1.227620517,0.03519011904,1.458667904,0.6684315079,0.5433868077,-0.1016158692,-1.529222309,0.1729147983,0.08927135337,-1.297394696,-1.122530967,0.3109946259,0.7605088349,1.058961482,-1.375037876,-0.1815497017,-1.234962952,-0.9466784605,-0.450257626,-0.2770004093,1.120707233,-0.8199220495,0.0005162408522,-0.411527442,-2.327809196,-0.1164053049,0.07785304006,-0.1406885044,-0.3242717576,-1.651995405,1.632036658,-1.847636446,0.3423216893,-0.3940099771,-0.5237386197,0.03808574304,-1.047847826,-0.318042371,0.237960289,-0.5399115221,1.177474854,-0.6594259233,0.3100886409,1,0,0,0,0,0,0
11140128,남산동1가,중구,11140,0.004082843987,0.9506749442,2.600604352,-0.5066821489,-0.1943864218,-0.337550751,-0.5168631939,1.027887013,-0.3669903264,0.01679781159,2.02161501,-0.5564221229,0.5110811276,-0.07000275557,-0.3734761685,-0.6336389386,1.577511497,-0.5616161359,0.7677681769,-0.7235876142,-0.2166012431,-0.7142205124,-0.4134195204,-0.3671821667,-0.2770004093,1.513584803,-0.5521256947,0.0005162408522,-0.9370959954,0.09027614937,0.6049831975,0.07785304006,-0.1406885044,-0.3242717576,-1.301365822,1.632036658,-0.3593009678,0.3423216893,-0.3940099771,-1.219720499,-1.011144435,-0.3366576714,-0.5697612719,4.758469061,-0.906318543,1.108376095,-1.714402761,0.3100886409,1,0,0,0,0,0,0
11140129,남산동2가,중구,11140,0.4409967398,-0.9256384742,-0.6860609269,-0.6894156626,-0.1943864218,-0.3764088215,0.02563884903,0.9761933065,-0.2598375607,0.3147797906,0.07532003745,0.8813390331,-0.6020887374,-0.01636024387,-0.3195549974,-0.1673546339,0.6477837563,0.2574208405,-0.2764675114,-0.697401069,-0.05621388701,-0.7516445966,-0.07928835466,-0.3817568087,-0.2770004093,-0.2850173468,-0.6997068975,0.0005162408522,-1.24707939,-0.1222596451,-0.3740440557,0.07785304006,-0.1406885044,-0.3242717576,-0.456560319,-0.7375232898,-0.5152218274,0.3423216893,-0.3940099771,1.28400652,-0.2123249365,-0.9604064133,0.1777675854,0.02932142261,-0.3825720366,0.5974345673,0.01423398546,0.3100886409,1,0,0,0,0,0,0
11140130,남산동3가,중구,11140,-1.357372063,-0.1079058365,-1.068668908,-1.486692458,-0.1943864218,-0.6315523789,-1.01219577,1.410950636,-0.2365434811,0.2936369451,-0.09792970443,2.261482547,0.5891435305,0.1456323209,0.06307792794,-0.310536885,0.7094493718,0.06137044655,0.3198760773,-1.071332085,-0.2782069825,-0.8639168492,-2.163521147,-0.3948739865,-0.2770004093,0.7196267249,-0.6156540271,0.0005162408522,-0.7585047394,0.2736513599,-0.3495070318,0.07785304006,-0.1406885044,-0.3242717576,-1.424909803,0.05589376151,-0.6711426871,0.3423216893,-0.3940099771,-1.114645312,-1.149782398,0.4075659053,-0.2303221479,-0.9530199067,-0.3480866699,-0.5616727841,1.268948263,0.3100886409,1,0,0,1,0,0,0
11140131,저동1가,중구,11140,1.242655718,0.5780280006,0.8255542109,1.540049596,-0.1943864218,-1.059724326,-1.360553024,0.07884357423,1.614171136,0.3649940487,-0.1679668341,-0.3916088683,-0.2695429012,0.5120965823,-1.337835574,-0.3274926779,0.2524913497,0.9079516932,-0.2060482153,2.252755493,0.2199497725,2.380568693,-0.01395709806,-0.2097760334,-0.2770004093,0.928585784,3.868468877,0.0005162408522,-0.3030970366,-0.2921761246,-0.3298774127,0.07785304006,-0.1406885044,-0.3242717576,1.057735897,1.632036658,2.943386332,0.3423216893,-0.3940099771,0.2468127461,-0.7775982866,-1.174152088,1.066411584,0.5161454442,-0.4493874345,0.3181198654,0.2684452718,0.3100886409,1,0,0,1,0,0,0
11140132,충무로4가,중구,11140,0.5580272476,1.208329416,0.9886330225,0.08167320911,-0.1943864218,-0.264966808,0.4675416308,0.1981367439,0.2468086687,0.226244125,-0.07949888083,0.3091824501,0.4976543943,-0.2421072176,-0.2915574663,-0.3435064823,0.162364681,0.3489650327,-0.004940856094,-0.04730962065,-0.2622744637,0.1159552085,1.205599478,-0.2258081395,-0.2770004093,0.04871272086,-0.1953896747,0.0005162408522,-0.6908951925,-0.1783376912,-0.3053403888,0.07785304006,-0.1406885044,-0.3242717576,0.50237629,-0.04810251186,-0.458523333,0.3423216893,-0.3940099771,0.5100656321,-0.1749063848,0.3589873428,-1.591892567,-0.8226206152,0.2704945949,0.1711633499,0.0487340886,0.3100886409,1,0,0,0,0,0,0
11140133,충무로5가,중구,11140,-1.060894777,-1.141148656,-0.7989616426,-1.009490289,-0.1943864218,-0.3749424792,0.09569442812,-0.2339696264,0.8012077611,-0.3115770078,-0.3043549288,0.3132022855,0.3942997729,-0.2604469306,2.084084897,1.461343473,-0.1522880746,-0.6661223376,-0.7097682253,-0.8536033889,-0.04346787195,-0.7347581196,0.3100660452,-0.2491275667,-0.2770004093,1.048607723,-0.5257370028,0.0005162408522,-0.4064248347,-0.3695638281,-0.3642292462,0.07785304006,-0.1406885044,-0.3242717576,0.2588181574,-0.5360102617,-0.5010472038,0.3423216893,-0.3940099771,-0.6084766732,-0.6797672503,0.05197082817,-1.416452121,-0.8139273291,-0.1605724886,1.110322539,-1.138795777,0.3100886409,1,0,0,0,0,0,0
11140134,인현동2가,중구,11140,-0.5888717289,-0.8306555743,-0.297180684,0.5332694087,-0.1943864218,-1.213690265,0.349347746,0.5944551634,1.40452442,-0.275898456,-0.0665973043,0.0800518278,-0.6473649311,-0.373607636,0.2600975914,1.649741172,0.6382967386,-0.3453126021,-0.4775748705,-0.03442473084,-0.1486224961,0.08492060214,1.472296587,-0.3992463791,-0.2770004093,0.6099663922,-0.2374161099,0.0005162408522,-0.508476981,-0.1407654003,-0.3617755438,0.07785304006,-0.1406885044,-0.3242717576,1.209518501,-0.5269389356,1.100685264,0.3423216893,-0.3940099771,-0.4243126371,-0.6252547792,0.7592746974,-1.44314958,0.4205192971,0.05496105314,0.3395307485,-0.7883473613,0.3100886409,1,0,0,0,0,0,0
11140135,예관동,중구,11140,-0.4289300349,-0.4152014256,-0.1027405625,-0.6899976165,-0.1943864218,-0.6777421608,-1.232303318,-0.3294041622,1.366089189,0.6167260531,0.06426154329,0.01707440531,0.1498083271,0.4165453355,-1.337835574,-0.6863902942,-1.855207762,1.833925248,0.4588114453,-0.6933626551,-0.312196356,-0.7338453371,-1.276381867,-0.05965722098,-0.2770004093,-0.6338580902,-0.4426614913,0.0005162408522,0.7531426775,0.2949610174,-0.3666829486,0.07785304006,-0.1406885044,-0.3242717576,-1.443735552,1.632036658,0.3210809653,0.3423216893,-0.3940099771,0.01067603724,-0.8238177216,0.8000806899,-1.073199074,-0.3879563102,1.238240197,-0.633691209,-0.01663452788,0.3100886409,1,0,0,1,0,0,0
11140136,묵정동,중구,11140,-0.03297681682,-0.9632453822,-0.993401764,-0.6347119993,-0.1943864218,0.3787574545,0.3910935864,-0.6912601103,0.006879649754,-0.2891127345,-0.2306316344,0.173847989,-0.6420566877,-0.4913377701,1.275267331,0.775575849,0.4058648035,-0.5259706097,-0.4420480184,-0.9296457802,-0.2633366316,-0.6626482989,-0.7112401103,-0.3861292013,-0.2770004093,0.3012768729,-0.6537710265,0.0005162408522,0.8041687506,-0.2456313464,0.1903074938,0.07785304006,-0.1406885044,-0.3242717576,-0.08945820611,-0.4417332662,-0.387650215,0.3423216893,-0.3940099771,0.6196601812,-0.8508625898,-0.8438178634,-1.446963503,-0.1184644411,-0.8050177784,2.113714377,-1.761613429,0.3100886409,1,0,0,0,0,0,0
11140137,필동1가,중구,11140,-0.2299781716,-0.9365064581,-1.394826531,-0.877968715,-0.1943864218,-0.9174891241,-0.3994600688,0.3253827917,1.171583625,-0.04002358574,-0.678500648,0.1162303471,-0.6526731745,0.1311758875,0.6406566256,1.35678275,-0.3926258578,-0.3161480807,-0.4648867091,-0.7654638418,0.03088388252,-0.3144217595,-0.7440095422,-0.317628384,-0.2770004093,1.169924863,-0.5433294641,0.0005162408522,-0.8707621003,-0.1542241314,-0.300432984,0.07785304006,-0.1406885044,-0.3242717576,-0.1376991889,1.484627611,-0.7561904287,0.3423216893,-0.3940099771,-0.5711919297,-0.409965883,-0.04907258173,-1.084640842,-0.5183556017,-0.001077667709,-0.130535457,0.9130524621,0.3100886409,1,0,0,0,0,0,0
11140138,필동2가,중구,11140,-0.1148981723,-0.8847138962,-0.9181346202,-1.149159216,-0.1943864218,-0.663078738,0.238862749,0.8781078114,0.281749788,0.00952995844,0.08453544925,0.5932508239,0.3933630241,-0.00521869101,0.1543291405,0.1274877649,0.1955692432,0.266332222,-0.116596677,-1.382854354,-0.009478498482,-0.9780146668,-0.7076892903,-0.2564148877,-0.2770004093,0.7511432772,-0.7221861536,0.0005162408522,0.4099923356,0.05326463898,-0.256266341,0.07785304006,-0.1406885044,-0.3242717576,-1.188411326,-0.1141936015,-0.7845396759,0.3423216893,-0.3940099771,-0.80958832,0.07840271658,-0.4124402288,-1.363057202,0.1771072863,-0.2898926136,1.255332611,-1.100664085,0.3100886409,1,0,0,0,0,0,0
11140139,필동3가,중구,11140,-0.009570715256,-1.300775456,-1.300742601,-0.9629339794,-0.1943864218,-0.1931160361,0.2866658531,-0.5852217372,0.8210077287,-0.04993429458,-0.7319500364,0.07871188264,0.9875740348,-0.1248607384,1.517912601,-0.2314098515,-0.2155348597,-0.1840976087,-0.1679837309,-1.164257943,0.01388919578,-0.9830349707,-0.4408082356,-0.4021613075,-0.2770004093,0.3081846104,-0.7085031282,0.0005162408522,-0.2138014086,-0.06730316,-0.3298774127,0.07785304006,-0.1406885044,-0.3242717576,-0.9072016948,0.1349438883,-1.422397738,0.3423216893,-0.3940099771,-0.2932511144,-0.1332008763,-0.280306539,-1.694868481,-0.6139817488,-0.4989601491,1.756541919,-1.661744709,0.3100886409,1,0,0,0,0,0,0
11140140,남학동,중구,11140,-1.357372063,-2.485282529,-1.589266652,-0.7685613883,-0.1943864218,-0.7070690065,-1.069011838,-0.00863808357,1.13198369,-0.3366841369,0.3868009564,0.9818349201,2.4626412,0.03822441422,-0.6897445756,-1.288320942,-0.3720706527,1.278989216,1.525885824,-0.9850007241,-0.312196356,-1.11584483,-2.163521147,0.1881116926,-0.2770004093,-0.09289589775,-0.6518163085,0.0005162408522,0.8424383055,0.4205758405,-0.3740440557,0.07785304006,-0.1406885044,-0.3242717576,0.5282616954,1.169075055,1.837765691,0.3423216893,-0.3940099771,-1.322536003,-1.464769389,0.1705025205,-1.24863952,1.576726348,-1.14771611,0.5954881233,-0.0402398616,0.3100886409,1,0,0,1,0,0,0
11140141,주자동,중구,11140,-1.357372063,-0.6375917012,-1.589266652,-2.114620679,-0.1943864218,-0.7180665736,-1.214401422,0.2299482559,0.9374781262,0.8453330703,-0.8517503898,-0.3661499103,-0.6598549156,-0.2404367416,0.0765582207,-1.154558576,1.019358619,-0.1476419569,0.3902953734,-2.295066862,0.401580487,-1.519751105,-2.163521147,-0.4619173396,-0.2770004093,-1.395867882,-0.8863824587,0.0005162408522,1.573386803,1.933561523,-0.3740440557,0.07785304006,-0.1406885044,-0.3242717576,-1.708472653,0.3950489161,-0.7561904287,0.3423216893,-0.3940099771,0.5846351192,-2.284959311,3.3747445,-2.579698557,-1.700642511,1.063658028,-0.05559736623,-2.364457336,0.3100886409,1,0,0,1,0,1,0
11140142,예장동,중구,11140,1.338230633,-0.4892216594,-0.2407303261,-0.2820479568,-0.1943864218,-0.9688111041,0.1984815989,1.368535287,0.3364908748,0.1205298974,-0.02236332765,0.4672959789,0.6019457645,-0.3721008228,0.09522324145,-0.08445964636,0.06275099458,-0.1119964308,-0.1667149147,-0.3990171805,-0.2548392882,-0.2235998967,-0.5457257329,-0.2272656037,-0.2770004093,0.2421293707,-0.5013030289,0.0005162408522,0.0489828681,-0.07964033013,0.08970569582,0.07785304006,-0.1406885044,-0.3242717576,-0.4553837097,-0.277153494,-0.7561904287,0.3423216893,-0.3940099771,1.11001105,-0.8094235362,0.1238671006,-0.1921829205,-0.8487004735,0.2058345324,-0.2239647649,0.3973667098,0.3100886409,1,0,0,0,0,0,0
11140143,장충동1가,중구,11140,0.4956109767,0.04162273078,0.2986842044,-0.09582271985,-0.1943864218,0.9726260793,0.5151551505,-1.208197179,-0.483460724,-0.01954145415,-0.1513790929,0.3976188306,2.420175252,-0.2197878553,0.4965211876,-0.1127193012,0.3505238666,-0.2480975307,0.006478489221,1.527777973,-0.2091660676,-0.2391171999,-0.2218961347,0.005928667923,-0.2770004093,0.204568548,-0.5286690797,0.0005162408522,0.5924105471,-0.1469339854,-0.2489052339,0.07785304006,-0.1406885044,-0.3242717576,-0.6871757489,-0.2512354196,-0.2033801081,0.3423216893,-0.3940099771,-0.5937887439,-0.0650175374,1.101267777,-1.263895211,-0.5009690295,0.7899304305,-0.1928216622,-0.6303732048,0.3100886409,1,0,0,0,0,0,0
11140144,장충동2가,중구,11140,0.1659750464,-1.858818493,-1.206658671,-1.089217968,-0.1943864218,-0.05894571714,0.7235919813,0.5520398141,-0.3902844059,-0.1384699602,-0.1771822459,0.5892309884,-0.4153634697,0.00303125179,1.598794357,-0.234235817,-0.3847200097,-0.195439367,-0.1115214124,-1.301891122,-0.2707718071,-1.128167395,-0.2420180293,0.5976591322,-0.271445903,-0.3882016756,-0.8199220495,0.0005162408522,-0.03776145625,0.1104642459,-0.300432984,0.07785304006,-0.1406885044,-0.3242717576,-0.9483830215,0.3549235444,-0.8554127939,0.3423216893,-0.3940099771,-0.6276839653,0.7002150891,0.2968067829,0.3036270359,0.8812634605,1.085211383,-0.5548602304,-0.4869254076,0.3100886409,1,1,0,0,0,0,0
11140145,광희동1가,중구,11140,-1.03163715,-1.420485409,-1.118847004,-2.207151344,-0.1943864218,-1.1975605,-0.1055412588,2.138638971,0.02318550541,-0.2223806283,0.6061277572,0.5061543885,-0.1867967541,0.2047583846,1.773001218,0.06531652424,-0.4938207139,0.02977554835,-0.08233864101,-1.296430618,-0.203855228,-1.522945844,-0.4902791855,-0.4240232704,0.07848799962,-0.8967838485,-0.8365371518,0.0005162408522,1.532565945,-0.1833847153,-0.3691366509,0.07785304006,-0.1406885044,-0.3242717576,-1.186058107,0.3238218552,-1.635017092,0.3423216893,-0.3940099771,0.3699653838,0.1228304249,-0.5115404962,-0.06632347005,0.2292670029,-0.7899304305,0.395977622,0.3882877353,0.3100886409,1,1,0,0,0,0,0
11140146,광희동2가,중구,11140,-0.1187991892,-1.15233054,-0.9557681921,-0.5811722436,-0.1943864218,-0.05601303257,0.2321664323,1.006679339,-0.7956013894,-0.1880235044,-0.1145174457,0.09613116972,-0.04659667856,-0.6216509384,0.3036493065,0.2348744532,-0.1870738064,0.2436487054,0.08197304992,-0.8787723359,-0.1666793508,-0.8223852435,-0.2857037324,-0.2637022087,-0.2770004093,-0.9766545633,-0.7495522044,0.0005162408522,1.629515484,-0.2063767142,-0.02071091169,0.07785304006,-0.1406885044,-0.3242717576,-0.4330281323,-0.603397255,-0.7703650523,0.3423216893,-0.3940099771,-0.3158479287,-1.367133424,-1.364580053,0.2959991904,0.8899567466,-0.7576003992,0.9604463574,-0.2054771977,0.3100886409,1,0,0,0,0,0,0
11140147,쌍림동,중구,11140,-0.7176052874,-1.405905512,-0.7550558087,-0.886698023,-0.1943864218,-0.8617681174,0.08610525266,-0.03514767684,1.399865605,0.08022634814,-0.04448031598,0.4284375693,0.2441077098,-0.2664433571,0.629250224,-0.1701805993,0.08014386047,-0.1071356772,0.2608761265,-0.8683445428,0.3112962137,-0.8579837626,-0.3797555313,0.07588694942,-0.2770004093,1.254112913,-0.6195634629,0.0005162408522,-0.8452490637,-0.04767584389,-0.3372385199,0.07785304006,-0.1406885044,-0.3242717576,-0.1306395329,0.1741449758,-0.8412381703,0.3423216893,-0.3940099771,-0.4390005663,-0.706109903,-1.104198958,0.5439041686,0.2988132917,-0.4838728012,0.6928103191,-0.1727928895,0.3100886409,1,0,0,0,0,0,0
11140148,을지로6가,중구,11140,-0.9731218961,-1.225195233,-0.6860609269,-1.489602228,-0.1943864218,-0.6234874963,-0.4512576749,0.9814952251,0.1280088632,-0.5216840352,-0.3246288348,0.8880387589,0.03864746539,0.4897464804,1.18609001,1.639379298,-0.5033077317,-0.2399962747,-0.3005750181,-0.710007022,-0.2197877468,-0.9725379715,-0.7329191694,-0.1660521074,-0.2770004093,-0.7396328205,-0.7065484102,0.0005162408522,0.7263539891,-0.03141321053,0.1927611962,0.07785304006,-0.1406885044,-0.3242717576,-0.8413115719,1.15838385,-1.068032148,0.3423216893,-0.3940099771,-0.9225723912,0.3319666331,-0.4357579388,0.1320005125,0.2727334334,-0.4149020678,0.4232278369,-0.1510033506,0.3100886409,1,0,0,1,0,0,0
11140149,을지로7가,중구,11140,-0.9341117269,-3.662075325,-0.6672441409,-1.82713547,-0.1943864218,-0.84417201,-0.926591678,2.530980952,-0.8829541876,0.33658335,-0.6324235889,0.6414888496,2.4626412,0.1428896313,0.01434148487,-0.9689868425,-0.1364763783,0.5085597749,0.603456486,-1.314344791,0.0298217146,-1.382377332,-1.881116563,-0.1952013914,-0.2770004093,-0.1719031453,-0.8863824587,0.0005162408522,0.1625158808,0.5041321291,-0.3519607342,0.07785304006,-0.1406885044,-0.3242717576,0.3953048404,-1.607722636,-1.606667845,0.3423216893,-0.3940099771,0.6625941283,-1.046920413,-1.607472865,1.016830589,-0.718301182,-1.115386079,0.8816153788,0.4609195314,0.3100886409,1,0,0,1,0,0,0
11140150,을지로4가,중구,11140,-0.8892500322,-0.3761572257,-1.187841885,0.7910749711,-0.1943864218,-1.291406406,-0.5294494164,1.51301257,0.7220078908,-0.216434203,0.07347695509,0.0371735827,-0.1315285729,1.067819048,0.4871886772,0.9790453638,-0.463778491,0.1731677786,-0.08741390559,1.358025794,-0.2856421579,0.8799541953,-0.5286950731,-0.09609382592,2.655778965,-1.368236932,1.325380865,0.0005162408522,0.1956828284,0.5002066659,-0.3323311151,0.07785304006,-0.1406885044,-0.3242717576,0.5494406634,1.632036658,1.469225477,0.3423216893,-0.3940099771,1.343888078,1.532531968,0.8311709699,0.6392522372,0.05540128091,-0.03340769897,-1.020060326,0.840420666,0.3100886409,1,1,0,1,0,0,0
11140151,을지로5가,중구,11140,-0.01737274911,-0.5227354236,-0.5104375914,-0.3774883907,-0.1943864218,-0.6146894426,-0.04171146106,0.8979900063,0.187408766,-0.1576306639,-0.3080410935,0.3212419565,-0.6317524505,0.05773789482,0.7754595532,0.69362285,0.01847824504,-0.1200976867,-0.3754351708,-0.3955129063,-0.2590879599,-0.3924646668,0.09864870897,-0.184999142,-0.2770004093,-1.175252016,-0.4465709272,0.0005162408522,2.068339713,-0.2781566131,-0.312701496,0.07785304006,-0.1406885044,-0.3242717576,-0.1494652823,-0.6332030405,-0.387650215,0.3423216893,-0.3940099771,-0.2243308309,-0.1290339456,0.6115958676,-1.355429357,-0.7965407569,2.290043881,-0.4244484881,-0.8991108504,0.3100886409,1,0,0,0,0,0,0
11140152,주교동,중구,11140,-1.357372063,-0.2194158635,-0.5355266393,-1.086308199,-0.1943864218,-0.9189554664,-0.2632930868,1.192246492,0.4110319293,-0.1133628311,0.7978083227,3.416515275,-0.6598549156,0.1567688473,-0.7830696794,-0.80790681,-0.7483890237,1.381065041,1.115423801,-1.066594784,-0.2282850902,-0.7133077299,-0.4357636645,-0.3861292013,-0.2770004093,0.7891358334,-0.8111258189,0.0005162408522,-0.292891822,1.382875111,-0.3642292462,0.07785304006,-0.1406885044,-0.3242717576,-1.267244152,-0.2379524065,-0.4443487094,0.3423216893,-0.3940099771,-0.5711919297,-0.1821320793,0.8097964024,-1.09608261,-0.6400616071,1.617579231,-0.4487790371,-0.626741615,0.3100886409,1,0,0,0,0,0,0
11140153,방산동,중구,11140,-0.4289300349,-0.05134773646,-0.242522401,-0.5848801211,-0.1943864218,-0.3331517242,-0.9624131737,0.9258250793,-0.2842963441,-0.327434142,0.06968547111,0.01016411651,0.1213050641,0.2906125005,-0.8442494696,-1.358970079,0.780602005,1.061875556,1.062767931,-0.008524647653,-0.312196356,-0.2528350176,0.1461205574,-0.1427326803,-0.2770004093,-1.358738793,-0.02799600958,0.0005162408522,0.5936861989,1.096316295,-0.356868139,0.07785304006,-0.1406885044,-0.3242717576,-0.08016299235,0.3950489161,-0.2845804458,0.3423216893,-0.3940099771,1.090803758,-0.7598631035,1.668665386,-1.61096218,-0.5096623156,2.479713398,-1.113489634,-0.6993734111,0.3100886409,1,0,0,1,0,1,0
11140154,오장동,중구,11140,-1.021884608,-1.196239092,-1.037307598,-0.7999868971,-0.1943864218,-0.6337518923,0.159415403,0.08414549288,0.9328193103,-0.4344697974,-0.2251023873,-0.2200958879,0.07080917537,-0.1812245516,2.953045307,0.9074542382,-0.6962104261,-0.6709830912,-0.5410156778,-0.7543037428,-0.2261607544,-0.6197475195,0.03837566979,0.5174986014,-0.2770004093,-0.2349362499,-0.5638540022,0.0005162408522,-0.180634461,-0.05720911171,-0.3740440557,0.07785304006,-0.1406885044,-0.3242717576,-0.4165556016,-0.8978913749,-0.7420158051,0.3423216893,-0.3940099771,0.2999152596,-0.4194049599,1.303354597,-1.542311571,-1.865814947,4.24708844,-1.481367534,-0.9081898249,0.3100886409,1,0,0,0,0,0,0
11140155,을지로3가,중구,11140,-0.6883476605,-0.4317054379,-0.02120115673,-1.264386082,-0.1943864218,-1.157236088,-0.3334312002,2.035251558,0.04997369685,0.1126013303,2.432622376,0.9791550298,-0.2695429012,0.3257625344,-0.4232495571,0.356390969,-0.07322959329,0.4153953315,0.161274059,-0.7745349167,-0.2643987995,-0.6516949084,-0.06897021272,-0.3788418803,-0.2770004093,1.288651601,-0.6733182056,0.0005162408522,-0.5786378316,0.774428311,-0.3372385199,0.07785304006,-0.1406885044,-0.3242717576,-1.267244152,1.632036658,1.001462898,0.3423216893,-0.3940099771,-0.5452055933,0.1106843785,-1.335432915,-1.103710456,-0.2227838743,-0.9472699159,2.291813995,-1.659928914,0.3100886409,1,0,0,0,0,0,0
11140156,입정동,중구,11140,0.4468482652,1.261681508,2.782499949,2.344891792,-0.1943864218,-0.8661671442,0.4830989525,1.461318863,0.09190303997,-0.2600413219,-0.6637559891,-0.1852573138,-0.651424176,-0.4776672928,-0.171271777,2.224354153,1.457342605,-0.8151854471,-0.9127788087,2.163998897,-0.2474041128,2.843805832,1.573926322,-0.3015962778,-0.2770004093,0.02108177089,2.408294592,0.0005162408522,-0.08623622573,-0.1020715485,-0.3740440557,0.07785304006,-0.1406885044,-0.3242717576,4.733463463,-1.010958974,0.3069063417,0.3423216893,-0.3940099771,0.4773002515,-0.7031033594,-0.3172262464,-1.652915331,-0.805234043,0.05280571773,1.350708362,-1.313112088,0.3100886409,1,0,0,0,0,0,0
11140157,산림동,중구,11140,-1.211083929,0.6431846164,2.769955426,1.381758145,-0.1943864218,-1.212957094,-0.5016641696,1.589890391,0.5298317348,-0.01954145415,-0.32094267,-0.01374433336,-0.6536099233,0.07708744618,-0.9510548661,-0.6694345013,-0.557067499,1.044862919,1.173154936,1.291303902,-0.1220682981,1.967078202,1.705234472,-0.01739075924,-0.2770004093,-0.8838318407,1.106452459,0.0005162408522,0.4023384246,0.187291169,-0.3740440557,0.07785304006,-0.1406885044,-0.3242717576,3.690987591,-0.8914118563,0.5620495666,0.3423216893,-0.3940099771,0.9292365365,-0.6597249768,-0.1734337016,-0.1807411523,-0.4314227407,0.6972510075,0.4514512736,-1.09158511,0.3100886409,1,0,0,0,0,0,0
11140158,충무로3가,중구,11140,-0.9926269808,-0.8152573035,0.08542729698,-0.3908733296,-0.1943864218,-1.070721893,-0.2255098027,0.05763589961,1.650276959,-0.2633448915,-0.2269454697,-0.07270192037,0.2603446896,0.182302155,1.031585116,1.028028765,-0.01946982599,0.1431931316,-0.5289619244,-0.282366717,-0.03921920027,-0.2884074571,-0.4158740816,-0.3890441297,-0.2770004093,1.14315738,-0.3048538781,0.0005162408522,-1.088898563,0.7239580696,-0.3544144366,0.07785304006,-0.1406885044,-0.3242717576,0.656512113,1.632036658,-0.07580849565,0.3423216893,-0.3940099771,0.1801521441,-0.07733149895,-0.4240990838,-0.6269701131,-0.0836912967,-0.4019700553,0.5419609157,0.03965511409,0.3100886409,1,0,0,0,0,0,0
11140159,초동,중구,11140,-0.4835442718,-0.3208900966,0.2924119424,-0.6475149843,-0.1943864218,-1.173365853,-0.7778406346,1.050420168,0.9409722382,0.03001209003,4.603773397,-0.1276396719,-0.6598549156,0.4601366189,0.05478236316,-0.03641823315,-0.9112494953,0.9241542051,0.08451068221,-0.2968973405,0.4355698604,0.7193044681,0.01173091177,-0.3278306334,-0.2770004093,1.05422026,-0.08397075339,0.0005162408522,-0.8299412418,0.7733067501,-0.3028866864,0.07785304006,-0.1406885044,-0.3242717576,-0.9601491149,0.01215701103,1.171558382,0.3423216893,-0.3940099771,-0.2638752559,-0.1448148513,-0.1831494141,-0.7718991772,-0.5009690295,-0.6800083242,1.132706644,-0.8972950555,0.3100886409,1,0,0,1,0,0,0
11140160,인현동1가,중구,11140,-1.357372063,-0.4405603665,-1.589266652,-1.295229637,-0.1943864218,-1.317067396,-0.7225861288,0.7389324467,1.442959652,0.5024225446,-0.3909797997,1.976074228,0.5341875988,0.3222197677,-0.7996608089,-0.971812808,-0.6234766233,0.5361040451,1.254993577,-1.409220539,-0.1815497017,-0.9323755397,-0.9569045026,-0.4371404482,-0.2770004093,-0.6675333104,-0.8384918697,0.0005162408522,1.248095587,0.1497188782,-0.3740440557,0.07785304006,-0.1406885044,-0.3242717576,-1.531981252,0.5522248855,0.03758849319,0.3423216893,-0.3940099771,0.4580929594,-0.3852480384,1.297525169,-1.260081288,-1.465923787,0.8718331763,-0.2259112088,-0.6176626405,0.3100886409,1,0,0,1,0,0,0
11140161,저동2가,중구,11140,0.5755818237,-0.9999239948,-0.5417989013,1.145484875,-0.1943864218,-1.635263672,-0.2995370295,1.520965448,1.260101127,-0.5097911846,-0.1919269048,-0.1463989041,0.5351243477,0.8440881142,1.137353567,1.811763193,0.3521050362,-0.8880967506,-0.7370477724,0.2028909693,-0.2835178221,0.4833501813,1.061274879,-0.2826492432,5.385263405,-1.163595209,-0.1738877776,0.0005162408522,1.106498234,-0.2568469556,-0.3102477936,0.07785304006,-0.1406885044,-0.3242717576,2.312001449,1.632036658,1.214082252,0.3423216893,-0.3940099771,0.1575553299,1.317698064,-0.8554767184,1.096922966,0.5248387303,-0.854590493,0.03880516364,0.8149995373,0.3100886409,1,1,0,1,0,0,0
11140162,신당동,중구,11140,0.5170665698,0.4483858948,-0.07765151457,0.6118331805,-0.4634627454,1.592155694,1.991864288,-1.28374952,-1.401247457,0.1443155986,0.2172373792,0.2033267825,0.05988043897,-0.7250900954,-0.0706880541,-0.08445964636,0.1750140381,0.09296534475,-0.02651073058,-0.1556602483,-0.1295034736,0.0004882171046,0.538604023,-0.06548707777,-0.2770004093,0.4122324064,-0.3410161596,-0.748895636,-0.3694309317,-0.2327333958,0.1608630651,0.07785304006,-0.7047819099,0.3920525711,-0.1929998277,-0.7883875107,0.6045734374,0.2063332758,-1.297229374,-0.4062351857,0.5548670546,0.4678033227,-0.2837170663,-0.5009690295,0.4989601491,-0.1967145501,-0.2508720703,2.569400947,1,0,1,0,0,0,0
11140163,흥인동,중구,11140,0.07820216559,0.7447485766,0.5307578977,0.2178504136,-0.1943864218,0.5327233943,0.6444025099,0.2445285322,-1.061153896,-0.191327074,-0.116360528,0.6213896722,1.654226955,-0.5414210999,1.224456997,0.6427554713,0.793251362,-0.48546433,-0.6393489292,-0.216636492,-0.07320857374,0.2930350215,1.867379135,0.4402529989,-0.2770004093,0.8625305443,-0.3693595694,0.0005162408522,-0.6998247553,-0.5675193307,1.174242152,0.07785304006,-0.1406885044,-0.3242717576,0.5694430222,-0.4825542333,0.2643824709,0.3423216893,-0.3940099771,-0.3237568136,-0.6537404387,-0.4668482188,-0.4591575124,0.6291581635,-0.6390569513,1.203751847,-1.186006445,0.3100886409,1,0,0,0,0,0,0
11140164,무학동,중구,11140,-0.4932968142,-1.336099007,-0.7989616426,-0.7516847262,-0.1943864218,1.091399804,-0.3354005261,-0.538829949,-1.260318276,0.0201013812,0.7130265341,-0.01642422368,-0.1533860457,-0.06388734228,0.6541369183,0.5513825873,-0.1412198872,-0.05528763911,-0.2079514395,-0.9916358729,-0.2399689373,-0.6348084314,0.1361659622,0.4373380705,-0.2770004093,0.02453563963,-0.832627716,0.0005162408522,-0.1678779428,0.1014917586,-0.1409423288,0.07785304006,-0.1406885044,-0.3242717576,-0.9283806628,-0.3238060279,0.0517631168,0.3423216893,-0.3940099771,-0.3508729907,-0.7701847155,-0.6048113361,-0.3638094439,0.7160910245,-0.7037170138,0.648042109,-0.02752929729,0.3100886409,1,0,0,0,0,0,0
11140165,황학동,중구,11140,0.1854801311,-0.1991972121,-0.4916208054,0.2580052303,-2.002408108,1.328214083,1.341552648,-1.095531408,-1.14734199,-0.09420212738,0.08084928453,0.5262535659,-0.09843011407,-0.5760654138,0.3803832807,0.7746338605,0.3805660895,-0.2626797914,-0.3481556236,-0.4034821179,-0.1751766942,-0.134603599,0.6136176645,-0.281191779,-0.2770004093,-0.6476735652,-0.5560351306,-0.676925933,0.8437139573,-0.2725488085,-0.05260904275,0.6902969552,-1.568671717,-0.004187400992,0.06820744494,-0.5087962836,0.477001825,2.658592093,2.412511257,-0.3644310793,0.1272713327,0.6776627125,-0.2265082252,-0.04022486619,0.4968048137,-0.266786531,-0.4378989452,-1.138117528,1,0,1,0,0,0,0
11140166,서소문동,중구,11140,-1.357372063,-0.2301707124,-0.4100813996,-1.046153382,-0.1943864218,-1.320000081,-1.214401422,0.6169883176,1.554771233,-0.6558089614,-0.7282638717,-1.834729805,-0.4444026836,1.345730065,-0.8660253271,0.1293717419,1.738790799,1.325166375,0.1016397002,0.1482105154,-0.1762388621,1.972098506,-0.3610760177,-0.324915705,-0.2770004093,-0.7240904112,0.1193199101,0.0005162408522,1.24299298,0.9140626457,-0.344599627,0.07785304006,-0.1406885044,-0.3242717576,-0.320073636,1.632036658,-0.9688097828,0.3423216893,-0.3940099771,0.5518697385,1.28661637,-0.3463733839,0.3875333362,0.498758872,-0.9149398847,-0.0127756001,0.8295258966,0.3100886409,1,0,0,1,0,0,0
11140167,정동,중구,11140,0.9481289402,1.047489666,0.8945490927,-0.8715672225,-0.1943864218,-1.553148504,0.05213330514,1.715810959,0.9584427978,-0.06380928695,-0.6213650948,-0.4666457972,2.424546747,0.1580268058,-0.2096387641,0.5551505413,1.615459568,-0.4927554603,-0.4325318973,0.2265319688,0.1169194841,0.009159651243,-0.5869239714,-0.3657247025,-0.2770004093,1.650012618,0.06654252629,0.0005162408522,-0.8809673149,-0.3000270511,-0.3740440557,0.07785304006,-0.1406885044,-0.3242717576,-0.9260274441,1.632036658,-1.138905266,0.3423216893,-0.3940099771,-0.4491691327,0.214092815,-0.752490166,0.4142307954,0.585691733,-0.6045715846,0.06897504433,0.7641572801,0.3100886409,1,0,0,0,0,0,0
11140168,순화동,중구,11140,1.406498429,1.532459168,1.634676007,0.6188166269,-0.1943864218,-1.008402346,0.3614233381,0.3306847103,1.311348102,0.04917279378,-0.4628600118,-0.2656540233,-0.2442506826,1.259238278,-0.490651021,0.2273385453,2.434505434,-0.5057174699,-0.6158758305,1.619347551,-0.3036990126,1.033758053,0.8931153318,-0.1981163198,1.754838028,-1.388528411,1.302901609,0.0005162408522,2.309437908,-0.5052726996,-0.3691366509,0.07785304006,-0.1406885044,-0.3242717576,0.4176604178,-0.2324448157,-0.5152218274,0.3423216893,-0.3940099771,0.581245597,3.073817052,-0.5912093387,1.39440894,0.3335864361,-0.7425130513,-0.06630280777,0.5680514306,0.3100886409,1,1,0,1,0,0,0
11140169,의주로1가,중구,11140,2.290078763,0.7172641491,1.239523502,-0.4199710229,-0.1943864218,-0.5604347781,-0.2853425614,0.3717745799,0.5647728541,0.0201013812,-0.5623864593,-0.8244111548,0.3034351359,-0.1863884872,-0.3008899767,0.5871781501,1.925368814,-0.8297677078,-0.7757466649,0.5748448808,0.9464726304,0.7316270324,1.815425186,0.3294857198,-0.2770004093,1.852927407,0.3705011625,0.0005162408522,-2.015021791,-0.4469515317,-0.05751644753,0.07785304006,-0.1406885044,-0.3242717576,2.231992014,-0.04324287291,-0.8837620412,0.3423216893,-0.3940099771,-1.153059897,-0.9863892277,-0.3191693889,-0.3828790576,0.3683595805,0.1131551094,-0.2064467696,0.6933412789,0.3100886409,1,0,0,0,0,0,0
11140170,충정로1가,중구,11140,-1.357372063,1.158285134,-1.376009745,2.60502517,-0.1943864218,-0.823643218,-2.477147539,1.070302363,0.3679378822,-0.9564337961,-0.4831339178,-0.7895725807,-0.2882778779,-1.12835206,-1.337835574,-1.583163341,-1.855207762,-1.252653268,-1.051714177,3.777563657,-0.123130466,2.863430657,-2.163521147,-0.3467776679,-0.2770004093,-0.4141056912,7.059545878,0.0005162408522,-0.9090316552,-2.909338533,-0.3740440557,0.07785304006,-0.1406885044,-0.3242717576,1.667219533,1.632036658,3.028434074,0.3423216893,-0.3940099771,2.339277746,-1.294245274,-0.4629619338,2.050403652,0.9508097493,-1.132628762,-0.3417246217,0.8494996405,0.3100886409,0,0,0,1,1,0,0
11140171,중림동,중구,11140,0.2517974188,0.5891499108,0.003887891205,0.6432586893,-0.07574688769,0.8069294013,1.043717405,-0.9364738481,-0.4578372365,0.05644064693,0.1748464849,0.007694789194,0.02865547782,-0.4168518936,0.01641537606,-0.04772209508,0.29360176,0.052459065,0.04961823819,0.0003444004644,-0.04028136819,-0.1168043394,-0.07583763527,-0.3773844161,-0.04260023969,0.3694907807,-0.1181783169,-0.2276683847,0.8437139573,-0.1934787636,0.362066661,-0.5345908751,-0.02836333294,-0.7727621987,-0.1882933903,-0.6338509924,0.3494302125,-0.5912824053,-1.308415598,-0.4412602477,0.1368244638,-0.4007813739,0.4333004091,1.35070091,-0.3222226449,-0.3436710657,0.7968415883,-3.153654721,1,1,1,0,0,0,0
11140172,의주로2가,중구,11140,-1.357372063,-0.05134773646,-0.242522401,-0.5848801211,-0.1943864218,-0.2173106838,-1.592267322,-0.5825707779,0.8571135519,-0.1305413931,0.06968547111,0.01016411651,0.1213050641,0.1882230559,-1.337835574,-1.583163341,2.097716304,-1.252653268,2.91333628,-0.008524647653,-0.312196356,-0.2528350176,0.1461205574,-0.2083185692,-0.2770004093,-1.395867882,-0.02799600958,0.0005162408522,1.905056279,1.29651492,-0.3740440557,0.07785304006,-0.1406885044,-0.3242717576,-0.08016299235,0.3950489161,-0.2845804458,0.3423216893,-0.3940099771,0.5552592606,-1.820819194,-0.02575487175,-0.8672472458,0.2031871446,-0.3157566386,0.2402621088,0.2121556298,0.3100886409,1,0,0,1,1,1,0
11140173,만리동1가,중구,11140,1.644460462,1.049180518,0.9070936167,1.108821782,-0.1943864218,1.167649603,0.4165970914,-0.7098168256,-1.231200676,0.06569064184,-0.1421636811,-0.2348352847,-0.6507996768,-0.4580622856,-0.2842988471,0.2094407639,1.284995116,-0.4603504365,-0.3976394533,0.9513162952,-0.2282850902,0.6088577806,0.5105522828,-0.3278306334,-0.2770004093,1.381906057,0.765354182,0.0005162408522,-1.09400117,-0.1502986681,-0.3740440557,0.07785304006,-0.1406885044,-0.3242717576,0.2788205161,-0.3150586778,0.09428698761,0.3423216893,-0.3940099771,-0.4627272213,-0.7393622229,-1.994158222,0.360835877,1.15075533,-1.606802554,2.32879643,-1.540086451,0.3100886409,1,0,0,0,0,0,0
11140174,만리동2가,중구,11140,2.518288253,2.089669746,1.208162192,1.980006718,0.7648891869,2.105375493,0.9061097737,-1.877564409,-1.694752859,-0.003023606086,-0.3651766467,-0.5416827262,-0.6539221729,-0.9240123515,-0.5248702257,0.2075567869,1.594904363,-0.4028315193,-0.6368112969,1.377705803,0.7425363896,1.708760742,0.0491618897,-0.2228932111,-0.2770004093,-0.4883638692,1.269671405,1.462957426,0.2671193308,-0.1631966187,0.5608165545,0.07785304006,1.356063943,-1.066673494,0.5353213514,0.1002784638,0.9731136511,-0.9043562063,-1.70695565,0.5981932077,-1.392486387,0.67571957,0.6888332328,-0.2140905882,-0.2079898678,-0.4254217101,0.05236567841,-1.832194951,1,0,1,0,0,0,0
11560101,영등포동,영등포구,11560,0.8954652117,0.1359398881,-0.2344580641,0.5291957317,-0.8421097584,1.529836147,1.353793594,-0.9006858972,-1.638847068,0.2057619934,-0.02420641001,-0.03116362043,-0.6136419731,-0.7143836793,-0.08105751007,-0.02134641724,0.2872770815,0.03058567394,-0.2415750673,-0.1329968491,-0.2569636241,-0.2464194602,0.6136176645,-0.3846717371,-0.2770004093,-0.9179387946,-0.2530538533,-1.503735181,1.434340754,0.01849625044,-0.2734422578,2.527628701,-1.113889973,-0.4666403081,0.005847150125,-0.8674376375,-0.07580849565,-0.2002837768,4.176928823,-0.7553559658,-0.2121179164,1.550133694,-0.02055639715,-0.6400616071,0.5075814908,-0.4633773664,-0.868242337,-0.5640336373,1,0,1,0,0,0,0
11560102,영등포동1가,영등포구,11560,-1.131113082,-1.479688866,-0.8616842624,1.168181076,0.4535270137,0.5525190151,0.8606610986,0.8900371283,-1.659811739,-0.6492018222,-0.3707058938,0.08273171812,-0.5312080756,-0.4717200736,3.169766937,1.983205099,-0.5459993116,-1.018526971,-0.9444992123,0.2670033372,-0.2771448146,0.3843132756,1.089187257,-0.2899365642,-0.2770004093,-1.044005004,-0.06833301004,-0.6839321661,2.133397956,-0.2641371016,-0.356868139,0.07785304006,-0.3538036498,0.5500743985,1.833121449,-0.332553378,1.341653865,-0.270075242,0.8368917243,-0.7824721429,-0.218107642,-1.91448938,-0.657481495,1.211608332,-1.503346454,1.885980439,-0.4015830472,-0.3365396939,1,0,0,0,0,0,0
11560103,영등포동2가,영등포구,11560,-0.8287842698,-1.394787605,-0.9432236682,1.082633858,0.4535270137,0.800330861,0.9333940531,-0.0802139854,-1.200918373,-0.5071483289,-0.3559612349,0.2743438759,-0.579919015,-0.5382352243,2.126599666,2.020884638,-0.4210869111,-0.8038436888,-0.785262786,0.02780610783,-0.2516527845,0.3368485834,1.242237412,0.2959640433,-0.2770004093,-0.003527043932,-0.354699185,-0.6839321661,-0.203596194,0.02634717688,-0.2341830195,0.07785304006,-0.3538036498,0.5500743985,1.130685676,-0.6111726773,1.398352359,-0.270075242,0.8368917243,0.836589598,-0.2892869738,1.985397614,-1.427893889,-1.657176081,1.249016874,-1.081373309,0.1377080388,-0.3365396939,1,0,0,0,0,0,0
11560104,영등포동3가,영등포구,11560,-1.236440539,-1.857472655,-0.9620404541,-0.3361696663,0.4535270137,-0.09267158966,0.6060705735,1.519639969,-1.186941925,-0.2587198941,-0.1476929282,0.2287857405,-0.09811786446,-0.2645810707,2.403464141,1.324755141,-0.4100187237,-0.5049073443,-0.8296713511,-0.5236525223,-0.1794253658,-0.3381541056,1.041664168,-0.3875866655,-0.2670022978,1.201441415,-0.6439974369,-0.6839321661,-0.2724813927,0.2186948748,0.2050297081,0.07785304006,-0.3538036498,0.5500743985,0.003493931453,0.6387264587,0.9447644039,-0.270075242,0.8368917243,-1.738317386,-0.05435669046,-1.290740638,-1.225755984,-0.0749980106,-0.5205135033,2.27916211,-2.008561536,-0.3365396939,1,1,0,0,0,0,0
11560105,영등포동4가,영등포구,11560,-1.101855455,-1.027951216,-0.8052339046,0.2353090296,0.4535270137,-0.7180665736,0.4339149024,2.170450483,-0.767648494,-0.2124699195,0.3093914972,0.2167262341,-0.6264442071,0.2352914948,1.328151557,1.604525724,0.2224491268,-0.5583756335,-0.6602843956,-0.05753500192,-0.2622744637,0.06575216878,0.7204258108,-0.4604598754,-0.2014591224,-0.9732006945,-0.3331972879,-0.6839321661,1.198345166,0.03924512747,-0.1433960311,0.07785304006,-0.3538036498,0.5500743985,0.4823739313,-0.5240231523,1.426701607,-0.270075242,0.8368917243,-0.6593195052,0.8634126246,-0.768035306,0.92148252,1.307234479,-0.7037170138,0.6538814408,-0.6212942303,-0.3365396939,1,1,0,0,0,0,0
11560106,영등포동5가,영등포구,11560,-0.5440100342,-0.9852047099,-0.9369514062,-0.2610976176,0.4535270137,0.7820015825,0.5194319306,0.03642822499,-1.273130019,0.07163706715,0.4476226743,0.3601003661,-0.6548589218,-0.4636517387,-0.07690972768,0.1208938454,-0.1475445657,0.488306635,0.07309133689,-0.6619036354,-0.2675853033,-0.6941392965,0.1820882685,-0.2214357469,-0.2770004093,-0.6411975613,-0.6459521548,-0.6839321661,0.6421609684,0.4099210118,0.08234458865,0.07785304006,-0.3538036498,0.5500743985,-0.3953766335,-0.4660314609,0.0517631168,-0.270075242,0.8368917243,0.02084460365,-0.6248771067,1.388852867,-1.698682403,-1.518083503,3.641439188,-0.9577741208,-1.452928296,-0.3365396939,1,0,0,0,0,0,0
11560107,영등포동6가,영등포구,11560,-0.8951015576,-1.208719999,-0.6797886649,0.5443265322,0.4535270137,0.90884019,0.5536259212,-0.10142166,-1.355824002,-0.1510235247,0.1969634732,0.2287857405,-0.5006076137,-0.4105185977,1.262823984,1.282365659,-0.5333499546,-0.2829329313,-0.4426824265,-0.2374989075,-0.2102282356,-0.06933964728,0.9359042424,-0.2841067074,-0.2770004093,-0.06224281262,-0.520850208,-0.6839321661,1.004446088,0.2815022864,0.4773906733,0.07785304006,-0.3538036498,0.5500743985,-0.2906584026,-0.5353623098,1.143209134,-0.270075242,0.8368917243,-0.6231646024,-0.4581786797,0.5805055876,-1.019804155,-0.4488093129,1.518433802,-0.473109586,-0.3598197644,-0.3365396939,1,0,0,0,0,0,0
11560108,영등포동7가,영등포구,11560,0.6672557215,0.936630239,0.2610506325,1.514443626,0.1087342698,1.246832086,1.224209479,-0.6501702407,-1.408235681,-0.1457378133,-0.387293635,-0.2844132556,-0.2058439804,-0.3007422089,0.5691073794,0.8716586754,0.4422317049,-0.4457681758,-0.5188113953,0.5503797191,-0.2760826467,0.9137271493,0.3063796244,0.7011390903,1.209385501,-1.091495699,0.2336709083,0.5044506426,-0.4421430859,-0.2114237383,9.367154429,0.6902969552,0.09149312119,-1.024502563,0.512965774,-0.8078260665,0.8030181679,0.4324226876,-1.601171949,1.338238874,0.6319829757,0.5124956002,0.154884049,-0.8834736179,0.1325531282,-0.884782474,1.172711133,-1.193541035,1,1,1,0,0,0,0
11560109,영등포동8가,영등포구,11560,0.4078380959,1.141526276,0.09169955896,1.418421238,-0.2231755277,1.531302489,0.9587084223,-1.111437164,-1.455988544,-0.1576306639,-0.4388999411,0.04521325366,0.5647880608,-0.4764650931,0.6686541567,0.9620895709,0.2335173142,-0.4190340312,-0.481381319,0.5247611551,-0.1719901904,0.5536344369,0.1161178763,-0.3700970951,-0.2770004093,-0.4814561317,0.1975086268,-0.3392514463,0.3066645375,-0.3118034407,-0.02561831647,-1.14703479,-0.9139973837,0.02818016643,0.2882333908,-0.7799641366,0.4061287069,1.341094123,-0.4101590054,-0.05146520194,-0.1079301411,-0.01798230176,0.5400902459,-0.7530743264,0.6735423179,-0.9509615671,1.123684671,-2.326960472,1,0,1,0,0,0,0
11560110,여의도동,영등포구,11560,1.638608936,2.320658582,2.907945189,1.229868186,3.376911145,-0.3764088215,1.723307832,-0.6461938018,1.165760105,0.09938705189,-0.1550652576,-0.1356793429,1.170240057,0.07698724061,-0.2397101864,-0.1786584958,0.6509460956,-0.1808571063,-0.1584676098,1.926201072,-0.1401251528,1.482390672,0.9225614135,-0.1150408605,-0.1536903675,0.2157936215,1.312675199,-1.209294459,0.003059402267,-0.2725488085,-0.1998311861,-3.596810451,2.935566735,3.293608499,0.1964578626,-0.2735897588,0.0659377404,-6.605306971,1.813317774,0.0524801436,2.110583054,-0.1190257117,1.020644511,0.2466535751,-0.514047497,-0.4312610418,0.8131837424,1.119374983,1,1,1,0,0,0,0
11560111,당산동1가,영등포구,11560,0.07040013174,-0.2763924321,-0.6170660451,0.661881213,0.4535270137,1.567961046,1.074823545,-1.811290426,-0.8992600432,-0.139791388,0.021870649,0.2555846437,-0.5040423594,-0.436005935,0.6022896385,0.7463742057,0.06116982495,-0.2156925069,-0.2923277132,-0.25848325,-0.2612122958,-0.1428186418,0.5751236079,-0.2666171371,-0.2770004093,-0.8445440837,-0.4915294393,-0.6839321661,-1.194777665,-0.1048754508,-0.04524793558,0.07785304006,-0.3538036498,0.5500743985,-0.2153554051,-0.8483230577,0.6045734374,-0.270075242,0.8368917243,4.66223025,0.1304736795,0.168559378,-0.1120905429,-0.3879563102,0.5916395721,-0.1169103496,-0.3053459173,-0.3365396939,1,0,0,0,0,0,0
11560112,당산동2가,영등포구,11560,0.5677797899,0.6699969369,0.4178571821,1.303194373,0.4393485848,1.196976449,0.9909681598,-1.497151746,-0.5859546738,-0.1179878286,-0.1421636811,-0.0914611526,-0.6561079202,-0.5997699203,0.2403956251,1.040274616,0.2651407068,-0.3380214717,-0.4376071619,0.3396040142,-0.04453003988,0.4486644447,0.4271356295,-0.2753619223,-0.2770004093,0.442453758,0.06067837254,-1.12453503,-0.5837404389,-0.265819443,0.2958166965,1.915184785,-1.385538792,-0.1948563487,0.2682310321,-0.7579337734,0.6612719318,1.281954513,-2.692282168,-0.09100962688,-0.3678881535,0.5358133102,0.02521067575,-0.4835824573,0.7123383554,-0.5315029035,-0.02026611768,-1.86672263,1,0,1,0,0,0,0
11560113,당산동3가,영등포구,11560,0.3688279266,0.662004049,0.4115849201,1.170508891,0.4535270137,0.9843568176,1.184805748,-0.9908185143,-0.6931074396,-0.03539858828,0.03477222552,-0.0057046624,0.1382550915,-0.5274299792,0.2891320681,0.5419627024,0.2366796535,-0.1913887391,-0.2504567804,0.1970463097,-0.004167658877,0.2355297214,0.6406099179,-0.317628384,-0.2770004093,1.145316048,-0.06051413837,-0.6839321661,-0.8426977601,-0.2501175901,0.7374831265,0.07785304006,-0.3538036498,0.5500743985,-0.003565724565,-0.7268320841,0.5195256958,-0.270075242,0.8368917243,-0.8299254528,0.05251122495,-0.01409601676,-0.01292855167,0.9855828937,-0.1131551094,0.5390412498,-1.097032495,-0.3365396939,1,0,0,0,0,0,0
11560114,당산동4가,영등포구,11560,1.638608936,1.378866285,0.9635439745,1.583114182,-0.1870234974,1.572360073,1.306061454,-1.974324425,-0.7629896781,-0.01557717061,-0.2103577284,-0.2897730362,-0.1412083108,-0.5817595317,0.1128513166,0.2631341081,0.7916701923,-0.3712366211,-0.4680587494,0.7328379224,-0.1135709547,0.8375098071,0.6262147554,-0.3584373815,-0.2770004093,0.764095285,0.4965804682,0.2056880425,-0.3528474579,-0.208619836,-0.136034924,-1.759478705,0.00715895873,-0.1144654675,0.1999876906,-0.8901159526,0.5337003194,-0.204149796,1.053274588,-0.6412420538,0.06972231279,-0.7699784485,1.19989888,0.1771072863,-0.384727372,0.09038592739,0.2684452718,-1.619291312,1,0,1,0,0,0,0
11560115,당산동5가,영등포구,11560,1.388943853,2.238993008,1.490413981,1.78156045,1.880520209,1.465317087,1.330634277,-1.208197179,-1.266141796,-0.01557717061,-0.4167829528,-0.1129002752,0.6334829753,-0.7481804438,0.1439596845,0.183065086,0.4722739278,-0.2537684099,-0.31643522,1.100613858,-0.06046255869,0.9744271883,0.322275447,-0.3438627396,-0.2770004093,1.650012618,0.7614447461,1.352177445,-1.382298484,-0.3521796339,0.1878537914,-1.14703479,0.6111856205,2.732813602,-0.1247564862,-0.7070695524,-0.1325069901,0.2135120255,2.135761109,-1.323665844,-0.3299455607,-0.8923964258,0.09767520784,-0.4140361685,-0.2079898678,0.4971927056,0.1213658847,-0.8055425537,1,0,1,0,0,0,0
11560116,당산동6가,영등포구,11560,-0.7605164736,-0.9213211548,-0.7048777128,0.622890304,0.4535270137,0.8479869852,0.793347184,-0.2048090738,-1.167141958,-0.3472555597,-0.2011423166,0.1055107858,-0.5724250243,-0.3611130091,1.455695865,1.587569931,-0.3135673765,-0.5178693538,-0.525155476,-0.2530726373,-0.1581820074,-0.1382547291,0.5168368435,-0.4065337001,-0.2770004093,0.6164423961,-0.4592765936,-0.6839321661,-0.08623622573,-0.2327333958,-0.01580350691,0.07785304006,-0.3538036498,0.5500743985,0.07762031963,0.1174491881,0.7179704262,-0.270075242,0.8368917243,-1.365469951,-0.04410054414,-0.4804502163,-1.275336979,2.211336234,1.727501337,0.6003542331,-1.981324612,-0.3365396939,1,0,0,0,0,0,0
11560117,당산동,영등포구,11560,0.4351452144,0.9160672163,0.3927681341,1.473124901,0.820370047,1.317949687,1.156087724,-0.7999494427,-1.390765121,-0.3155412914,-0.2822379405,-0.1571184654,0.3212333638,-0.830636805,1.18609001,1.142951362,0.111767253,-0.5624262615,-0.6158758305,0.607983848,0.0351325542,0.5937968687,0.1261858033,-0.07714679135,-0.2770004093,0.3906457268,0.1730746528,-0.8014287565,-0.7113056217,-0.3577874385,0.0946131006,1.30274087,-0.6663231131,1.534782336,0.1988110813,-0.7977828127,0.5053510722,0.3336893782,3.334592352,-0.04468615767,-0.7757877325,-1.057563538,0.2998131131,0.09017442531,-0.7037170138,0.9818572405,-0.4142936115,-2.907805296,1,0,1,0,0,0,0
11560118,도림동,영등포구,11560,0.3356692827,-1.045903665,-0.6923331889,0.0001996679485,-5.658225064,2.60393187,1.459743029,-2.442218746,-1.990587668,0.1099584746,0.2872745089,0.3225819017,-0.1561962922,-0.8083174427,0.1532921949,0.2377004187,0.2192867876,-0.06014839268,-0.1870159731,-0.5858958871,-0.2484662807,-0.54809409,0.2815173597,0.3804969668,-0.2770004093,-0.6666698433,-0.6039257196,-0.7876276383,0.06046373455,-0.0701070623,-0.2047385909,-0.5345908751,-0.9215237195,-4.846821385,-0.1459354542,-0.9286690882,-0.03328462484,0.4320204605,3.290374348,0.3191225517,-0.3359787937,0.3473284879,0.1014891306,-0.0923845828,0.5269795096,-0.5169045741,0.1667607573,-2.818536021,1,0,1,0,0,0,0
11560119,문래동1가,영등포구,11560,-0.6922486774,-0.7667611412,-0.6735164029,-0.6899976165,0.4535270137,0.7856674382,-0.2300433554,-0.4977400794,-0.8107425411,-0.005666461775,-0.162437587,0.3333014629,-0.6598549156,-0.1461651864,-0.4740598914,0.09357617907,-0.2977556802,0.3432941536,0.6307360331,-1.052037949,-0.2378446015,-1.074769616,-1.482886523,-0.1675095716,-0.2770004093,-0.7055258667,-0.6635446161,-0.6839321661,0.8628487347,0.5316103717,-0.3617755438,0.07785304006,-0.3538036498,0.5500743985,-1.144876781,1.632036658,-0.529396451,-0.270075242,0.8368917243,0.7315144118,-0.8255524933,0.4405993278,1.432548167,-0.8313139013,0.3459313345,-0.4108233807,-0.4451621248,-0.3365396939,1,0,0,0,0,0,0
11560120,문래동2가,영등포구,11560,1.145130295,-0.5717748572,-0.8616842624,0.073525855,0.4535270137,0.7988645187,0.325585568,-0.5666650219,-0.7711426059,-0.1212913982,0.008969072474,-0.1062005494,-0.6582936675,-0.1960642271,-0.3817717333,-0.007216589821,0.8802156914,-0.02855349448,-0.02651073058,-0.163909942,-0.271833975,-0.4600105748,1.015137306,-0.4065337001,-0.2758895081,-0.3830208725,-0.3762010821,-0.6839321661,2.158910993,-0.0998284267,-0.3642292462,0.07785304006,-0.3538036498,0.5500743985,0.4670780099,-0.879100771,-0.600269569,-0.270075242,0.8368917243,-1.656968854,-0.2469418003,-0.5659484862,-1.385940739,-0.283636877,-1.22746352,2.426118625,-2.244614873,-0.3365396939,1,1,0,0,0,0,0
11560121,문래동3가,영등포구,11560,2.126236052,1.950543159,2.136456965,1.708234263,0.5232526615,0.9843568176,1.349483758,-1.389787893,-0.3425315429,0.06701206969,-0.1771822459,-0.1946369299,0.8198959934,-0.313072397,-0.1888998522,-0.392489884,0.9561118335,-0.2910341872,-0.2085858475,1.016083036,-0.2219120827,1.024630228,0.1460602411,0.116695947,0.9516564041,-0.3830208725,0.7360334132,-0.6911387184,-0.1270570842,-0.1957218854,-0.2832570673,1.30274087,-0.7776626187,-0.2740907489,0.01643663415,-0.7375232898,0.02341386958,0.2261819128,-2.137680375,-0.07293217548,0.7590646565,0.1607868081,0.479067482,-0.04891815229,1.035638668,-0.7417188463,0.1431554235,-0.917974494,1,1,1,0,0,0,0
11560122,문래동4가,영등포구,11560,1.599598767,0.9648320251,0.2547783705,1.605810383,0.4535270137,1.625881567,0.5647599476,-2.035296489,-0.7944366854,0.1806548643,0.2227666263,-0.4599460714,-0.6586059171,-0.5546402287,-0.2003062537,-0.228583886,0.5592382573,-0.1217179379,-0.2231772332,0.4644588503,-0.2782069825,0.6435435172,0.1807229555,-0.2884791,-0.2770004093,1.008888232,0.1799161655,-0.6839321661,-1.000878587,-0.07907954967,-0.1483034359,0.07785304006,-0.3538036498,0.5500743985,0.239992408,-0.9445439088,0.2927317181,-0.270075242,0.8368917243,-0.6615791867,-0.7854482923,0.4600307527,0.4218586409,0.1771072863,-0.07220373648,-0.1655714474,-0.2980827377,-0.3365396939,1,0,0,0,0,0,0
11560123,문래동5가,영등포구,11560,2.05211673,0.7553894986,0.3864958721,1.566819474,0.4535270137,1.938212473,0.8827338192,-2.19037761,-1.154330214,0.006226388828,0.04767380204,-0.3460507329,-0.3972529923,-0.338046097,-0.09557474843,0.1529214542,0.856498147,-0.3995910169,-0.4261878166,0.4012566026,-0.2410311053,0.7138277728,0.1683629275,9.221474791,-0.2770004093,-1.257713133,0.09390857714,-0.6839321661,-2.397717339,-0.1474947658,-0.3176089008,0.07785304006,-0.3538036498,0.5500743985,0.8259438574,-0.8204611278,1.001462898,-0.270075242,0.8368917243,0.4196783751,0.1211238469,1.260605462,0.8909711381,-0.2575570187,-0.7791537534,-1.242928154,1.426922419,-0.3365396939,1,0,0,0,0,0,0
11560124,문래동6가,영등포구,11560,2.356396051,0.6272914677,0.8569155208,1.778068727,0.4535270137,1.928681248,1.259158836,-2.254000634,-1.082118567,-0.1450770994,-0.0481664807,-0.1731978073,-0.6002152398,-0.4776672928,-0.3589589301,0.6267416669,1.376702954,-0.5697173919,-0.6139726062,0.7122371265,-0.1040114435,0.9794474922,1.229243179,-0.2141484259,4.101061527,-0.7668320369,0.3968898544,-0.6839321661,0.6294044501,-0.2192746648,-0.2857107697,0.07785304006,-0.3538036498,0.5500743985,1.116566363,-0.9299649919,0.8597166623,-0.270075242,0.8368917243,-0.8389641785,0.2615384205,1.501555132,0.7422281512,-0.5965951766,-0.3674846887,-1.940728298,2.298503972,-0.3365396939,1,1,0,0,0,0,0
11560125,양평동1가,영등포구,11560,0.985188601,0.1265311683,-0.1529186584,1.078560181,0.4535270137,1.32601457,0.9464547941,-1.829847141,-0.4997665796,-0.1516842386,0.06057537857,0.06799232137,-0.4831216354,-0.5462869112,0.2787626122,0.4835594157,0.4880856241,-0.2942746896,-0.3138975877,0.0618872109,0.08399227857,0.2442011555,0.4861834047,-0.2709895297,-0.2770004093,1.352548173,-0.1817066493,-0.6839321661,-1.155232458,-0.223200128,1.969241726,0.07785304006,-0.3538036498,0.5500743985,0.2599947667,-0.8901159526,0.618748061,-0.270075242,0.8368917243,-0.4220529556,-0.2932220719,-0.03741372674,1.604174691,-0.3444898797,-0.5463775283,-0.6580217579,1.029263336,-0.3365396939,1,0,0,0,0,0,0
11560126,양평동2가,영등포구,11560,0.6789587723,-0.008130965689,0.02897693914,1.317743219,0.4535270137,1.832635829,1.095188985,-1.853705775,-1.282447651,-0.1160056868,-0.1513790929,0.03449369238,-0.3900712512,-0.6618506778,0.1667724877,0.9969431451,0.8248747545,-0.5219199818,-0.482015727,0.3698337232,-0.1942957167,0.5075389186,0.5670923535,-0.2666171371,-0.2770004093,0.132469038,0.02451609106,-0.6839321661,0.4571914532,-0.2215177866,-0.1041367929,0.07785304006,-0.3538036498,0.5500743985,1.023614226,-0.828560526,0.9305897803,-0.270075242,0.8368917243,-0.1734879989,-0.3947944892,-0.3308282439,1.649941764,0.1597207141,0.358863347,-0.2638668651,-0.3216880715,-0.3365396939,1,0,0,0,0,0,0
11560127,양평동3가,영등포구,11560,1.587895716,0.8895205971,0.430401706,1.519099257,0.5684428731,1.135390073,1.306329492,-1.528963258,-0.4601666445,-0.02680930729,-0.110831281,-0.04724296234,-0.4241064589,-0.4875255832,0.2943167961,0.4223301636,0.6303908904,-0.4992364651,-0.4953382966,0.5326380578,-0.0912654284,0.550439698,0.3977195458,-0.184999142,-0.2770004093,-0.7979168556,0.2708105487,-1.071626055,-0.2788596518,-0.2108629579,1.561927129,-1.759478705,-1.073096059,1.182897282,0.4000112777,-0.9374164383,0.6470973082,0.3649933982,0.6693192694,1.129218343,0.2981439804,-0.2667045415,2.824629968,-0.283636877,-0.4709407887,-0.3874660537,0.08141839685,-1.893799873,1,0,1,0,0,0,0
11560128,양평동4가,영등포구,11560,0.3220157235,-0.1461141748,0.1857834887,0.9854475622,0.4535270137,1.140522271,1.070154548,-1.339419666,-0.6348722408,-0.09420212738,-0.1845545754,0.1524088664,-0.5705515267,-0.2019377309,0.634434952,0.8970923647,0.1275789493,-0.4012112681,-0.4217469601,0.05898930385,-0.1677415187,0.2090590277,0.2380521754,-0.2724469939,-0.2770004093,-0.1045527048,-0.2276425204,-0.6839321661,0.1293489333,-0.1867493981,-0.2611737458,0.07785304006,-0.3538036498,0.5500743985,0.1635128012,-0.5998335198,0.8597166623,-0.270075242,0.8368917243,0.9642615985,0.6660663014,0.3978501928,-0.3638094439,-0.2488637326,0.8416584805,-0.1675178913,-0.5413992546,-0.3365396939,1,0,0,0,0,0,0
11560129,양평동5가,영등포구,11560,0.9169208048,0.6327946569,0.5495746837,1.648874969,-1.453794601,1.246832086,1.016248903,-1.546194493,-0.6220604971,-0.1298806792,-0.2011423166,-0.1678380267,-0.6067724816,-0.2524016993,0.2683931562,0.8914404338,0.5402642217,-0.3177683319,-0.5835210187,0.6837461124,-0.1603063433,0.7261503371,4.166179744,-0.06985947036,4.562085558,-1.011624984,0.2532180875,-1.485337208,0.6485392275,-0.2456313464,-0.2783496625,2.527628701,-1.321152144,-0.1527526317,0.5364979607,-0.8350400446,0.8030181679,0.3276776543,-0.8566831463,0.2727990825,0.4834380529,3.11047712,-0.8481776321,-1.857121661,0.9968426305,-1.922237081,0.6297884573,-2.03815278,1,1,1,0,0,0,0
11560130,양평동6가,영등포구,11560,0.5580272476,-0.195727191,0.07288277301,1.466141455,0.4535270137,1.937479302,0.8920228122,-1.585958883,-1.684270523,-0.2243627701,0.1084955199,0.05861270525,-0.144330807,0.02508447146,0.4913364596,1.330407072,0.5481700699,-0.511388349,-0.6590155794,0.2558659923,-0.3100720201,0.5495269155,0.5900565203,3.455746424,-0.2770004093,-1.385506276,-0.1504311626,-0.6839321661,-0.1500188172,-0.1727298865,-0.3740440557,0.07785304006,-0.3538036498,0.5500743985,0.7624069533,-0.9562070422,1.157383758,-0.270075242,0.8368917243,3.039778987,0.9595402768,2.443979243,1.604174691,-0.2662503048,-0.281271272,-0.701816746,-1.447480911,-0.3365396939,1,0,0,0,0,0,0
11560131,양화동,영등포구,11560,-1.357372063,-0.8300523792,-1.589266652,1.439371577,0.4535270137,0.8494533275,-2.477147539,0.5321576192,-1.817046776,-0.9564337961,-0.6268943419,-0.6421786131,-0.6598549156,-1.12835206,-1.337835574,-1.583163341,-1.855207762,-1.252653268,-1.051714177,0.04746805046,-0.312196356,0.6677322545,-1.499494021,-0.4837793025,-0.2770004093,2.609324663,-0.379133159,-0.6839321661,-0.6118047791,-2.909338533,-0.3740440557,0.07785304006,-0.3538036498,0.5500743985,-1.708472653,-1.607722636,2.064559669,-0.270075242,0.8368917243,-1.821925598,-1.966322891,-1.73572027,0.0023271393,-0.3184100214,-1.231774191,2.108848267,-1.209611779,-0.3365396939,0,0,0,1,1,1,0
11560132,신길동,영등포구,11560,0.9871391095,-0.2402065358,-0.5731602112,0.4267718513,-0.1559897472,2.090712071,2.165359242,-1.654883826,-1.867129047,0.07163706715,0.1195540141,0.03583363754,-0.3978774915,-0.7178956811,0.05270847197,-0.02228840573,0.3584297147,-0.02855349448,-0.2060482153,-0.3394867101,-0.2197877468,-0.2194923753,0.2739592402,0.3790395026,-0.2770004093,-0.6070906074,-0.4348426197,-0.8873614766,0.1191437187,-0.1317929129,0.7644738528,-1.14703479,-0.2297446756,-0.832070605,0.07526710096,-0.8687335413,0.2502078473,-1.421214373,1.757756476,0.349628251,0.7942400532,0.05780025566,0.273115654,-0.5096623156,0.2618732532,-0.5529137865,0.7332887667,3.024752086,1,0,1,0,0,0,0
11560133,대림동,영등포구,11560,0.3590753843,-1.313419336,-0.987129502,-0.4508145778,-7.20354817,2.315795611,1.848472994,-2.232792959,-1.716882234,0.175369153,0.2153942968,0.2448650824,-0.3785180156,-0.7214638772,-0.001212699088,-0.1824264498,0.02322175392,0.1602057691,0.02677954756,-0.8077151842,-0.1443738245,-0.8287747213,0.2063968088,0.3149110779,-0.2770004093,-0.415400892,-0.7045936923,-2.414934976,0.0311237425,-0.1323536934,1.169334747,1.915184785,-1.875428482,1.701687123,-0.06945584739,-0.9950841538,-0.6853173107,-0.303644624,-0.49499464,0.3880428352,0.3848957957,0.8195121149,0.2387903493,-0.6574481793,0.9343379034,-1.062882092,0.4536563518,-0.440585708,1,0,1,0,0,0,0
11560134,양평동,영등포구,11560,-1.357372063,0.5092018262,0.7502870671,1.815313774,0.4535270137,1.032746113,-2.477147539,-0.6276370865,-1.087942087,-0.9564337961,-0.4388999411,-0.02312394947,-0.6548589218,-1.12835206,-1.337835574,-1.583163341,-1.855207762,-1.252653268,-1.051714177,0.4728857185,-0.312196356,0.4071328391,-0.5690065786,-0.5070987297,-0.2770004093,1.603817124,0.1672104991,-0.6839321661,-1.550684525,-2.909338533,0.1019742078,0.07785304006,-0.3538036498,0.5500743985,0.1011525064,-1.223163208,0.9164151567,-0.270075242,0.8368917243,-0.9056247806,-2.002169609,0.2482282205,1.024458434,-0.805234043,-0.4127467324,-0.4322342638,0.6043673287,-0.3365396939,0,0,0,1,1,0,0
11650101,방배동,서초구,11650,1.738084868,2.110368159,2.186635061,1.190877277,2.752773754,1.853164621,2.133032656,-1.855031255,-1.313894659,0.1377084594,-0.1053020339,0.04923308914,0.9872617851,-0.4150239531,-0.09142696604,-0.310536885,0.7220987288,-0.199489995,-0.2434782916,1.141452803,-0.2081038997,1.136902481,0.2406526874,0.3192834705,0.2828938348,-0.5004524098,0.5317653908,3.203031401,0.01071331324,-0.3129250016,0.06271496954,0.07785304006,2.35108046,2.176084851,-0.3188970267,-0.502316765,0.3919540833,-0.4723816196,-0.5352634866,1.557427973,1.495756916,2.175825578,-0.6269701131,-1.578936506,0.7425130513,-1.586475505,0.9293946162,-0.3453011037,1,1,1,0,0,0,0
11650102,양재동,서초구,11650,0.8310984324,0.4904884686,0.7628315911,1.062847426,0.4862432625,0.8325903913,1.737596662,-1.030582904,-0.4170725974,0.064369214,0.05504613148,0.2314656308,-0.2124012223,0.4661680517,0.09107545906,0.2442943382,0.6161603638,-0.16546472,-0.3481556236,0.3421112934,-0.3026368447,0.4833501813,0.6009052441,0.04090780867,-0.2770004093,-1.322904905,-0.00480467771,0.3286340961,1.106498234,-0.1693652038,-0.3347848175,0.6902969552,1.441282805,0.2033888332,-0.1965296557,-0.3655989228,1.058161393,-2.922968941,2.787574033,1.803733248,3.004180375,2.061180171,-0.6803650315,-1.005179623,0.8502798222,-1.512510637,0.7133150228,-2.926126608,1,0,1,1,0,0,0
11650103,우면동,서초구,11650,2.24326656,1.134894383,1.452780409,1.36604539,-2.57591626,2.272538514,1.628903107,-2.960481294,-1.008742217,0.106654905,-0.00946175113,-0.02580383979,-0.1671250286,-0.6564112007,-0.2811880103,-0.4367633432,0.6635954526,-0.07230027661,-0.2529944127,0.6959059233,-0.02965968898,0.8083007658,0.5880748176,0.1079511618,-0.2770004093,-0.2729288062,0.4056860851,0.6717442302,0.570724466,-0.2546038338,-0.1311275192,3.140072616,0.4849029236,-2.162214415,0.07291388229,-0.8865522174,0.9447644039,-0.2875438674,-0.4225574675,0.05473982503,0.2822481933,-0.6844801786,1.390595017,-0.9704064789,0.6692316471,-1.157284622,1.775555041,-0.234536706,1,0,1,0,0,0,0
11650104,원지동,서초구,11650,-0.1090466469,1.01013657,-1.589266652,0.4890409149,2.063903658,-0.02741935804,-0.2519020875,2.202261995,-1.89158783,-0.3485769875,-0.3522750702,0.3105223952,-0.6598549156,0.2724320492,-0.7571460394,-0.4904566874,-0.1475445657,0.7888632307,0.9276390113,-1.247925367,-0.2675853033,-1.293381035,-1.881116563,1.34679573,-0.2770004093,-0.7862600486,-0.8863824587,2.582507943,-0.4995474182,0.02915107919,-0.3740440557,-0.8408128326,2.687010256,1.49370616,0.1493934891,-1.607722636,-1.819287199,-1.614924678,0.3067497647,-0.275173663,0.09252758525,0.1569005231,-0.07776523827,-0.109771155,0.3976593845,-0.6297983212,0.7550783056,1.167312793,1,0,0,0,0,0,0
11650106,잠원동,서초구,11650,2.528040795,3.011334971,2.675871496,1.361389759,3.552823295,1.546699083,1.885575198,-1.149876074,-1.446670912,0.2777798109,-0.3246288348,-0.1892771492,0.06487643275,-0.5598066568,-0.1443111915,-0.4829207795,0.962436512,-0.3663758675,-0.4521985476,1.627513471,-0.05515171909,2.15693697,0.8173268151,-0.1718819642,-0.2770004093,0.8569180075,1.213961944,3.6313298,-0.7674343022,-0.2192746648,0.4086870064,-5.434142196,5.021519005,3.184102448,-0.0176850366,-0.6662485853,0.1651601056,-4.838462702,1.039462473,-0.8423537007,0.844594358,0.1394122406,-0.8367358639,-1.274671492,0.5528435346,-0.8799163642,1.712002219,1.819532184,1,0,1,0,0,0,0
11650107,반포동,서초구,11650,2.886934353,3.338865852,3.315642218,1.058191795,4.053230938,0.9528304585,2.063867027,-0.08551590406,-1.438517984,0.08881562913,-0.387293635,-0.2495746814,0.4929706501,-0.2220751318,-0.2355624041,-0.4348793663,1.283413946,-0.4392871711,-0.4357039377,1.990448704,-0.2622744637,2.719667407,0.8080036678,-0.1412752161,-0.2770004093,-0.9032598524,1.126976997,6.213448287,1.64099635,-0.2282471521,0.01854832653,-3.596810451,5.332905483,3.848634271,-0.3012478866,-0.5985376161,0.3494302125,-1.565547094,0.5236804321,0.3157330296,1.855705146,0.1335828131,0.1320005125,0.7334775967,0.1260871219,-0.7271205169,0.9076050774,3.245947584,1,0,1,0,0,0,0
11650108,서초동,서초구,11650,1.837560799,2.526652857,2.832678045,1.176910384,3.026322122,0.5671824379,2.183405003,-0.6024529729,-0.3716491423,0.09872633796,-0.3080410935,-0.06734213973,0.8670456847,-0.009608744268,0.06411487353,-0.1287331056,0.8628228255,-0.3679961187,-0.3805104353,1.889655399,-0.2420932732,1.753943478,0.9280694712,1.690757281,0.1051496303,-0.8821049063,0.9725542813,2.814279853,0.001783750438,-0.2316118349,-0.1826552694,-2.37192262,3.29541202,3.064720874,-0.2071191397,-0.4598759182,0.2076839765,-3.09444901,-0.5750291206,1.731423442,2.48723664,0.6815489975,0.5744155505,-0.6052884627,0.07220373648,-0.8779699203,0.7932099985,2.788905025,1,1,1,0,0,0,0
11650109,내곡동,서초구,11650,2.379802152,1.843118656,2.53160947,1.684374155,-0.9906307505,2.010796416,1.143389541,-2.301717902,-1.171800774,-0.02086288199,0.001596743032,0.1081906762,0.1685433038,-0.6537404202,-0.4139170468,-0.480094814,0.924488441,-0.04880663436,-0.1870159731,0.983195097,-0.244217609,1.221791257,0.7770749158,0.5830844903,-0.2770004093,-0.4508030466,0.6070220306,0.5302205578,-0.1117492623,-0.1828239348,-0.1409423288,2.527628701,0.1340786985,-1.653738531,0.06467761693,-0.4682992924,1.029812146,0.5972589929,-1.629234762,0.3914323573,-0.3103944551,-0.260875114,1.810126519,-0.9530199067,1.169269464,-1.52905541,1.448711958,-0.6692252555,1,0,1,0,0,0,0
11650110,염곡동,서초구,11650,1.018347245,0.9029952066,1.214434454,-0.8180274669,2.063903658,0.8655830926,0.2925207524,-0.814529719,-0.6593310243,0.02538709258,-0.4388999411,-0.4277873876,-0.5924089995,-0.5741992313,-0.4066584276,-0.2606114948,0.08646853897,0.2606613429,0.1530267541,-0.299066516,0.05956241638,-0.6909445576,-1.076688252,-0.1908289988,-0.2770004093,0.5512506235,-0.2149368539,2.582507943,-0.3770848426,-0.195161105,0.06762237432,-0.8408128326,2.687010256,1.49370616,-0.2424174198,-0.5227272486,-1.408223115,-1.614924678,0.3067497647,-0.1542807068,-1.174663598,-0.6009250512,1.447803858,-0.3097167353,-0.6541442992,0.3453700803,-0.1546349404,1.167312793,1,0,0,0,0,0,0
11650111,신원동,서초구,11650,1.77319402,1.739678744,2.249357681,1.698923001,-0.1131292949,1.963873463,1.135942222,-1.253263488,-2.018540564,-0.01029145923,-0.1347913516,-0.271013804,-0.04847017623,-0.6239619177,-0.415990938,-0.1909043462,0.8359429419,-0.07797115577,-0.1356289191,0.8442646738,-0.110384451,1.123667134,0.3379705317,-0.3132559914,-0.2770004093,0.7438038061,0.5151502885,1.529289694,-0.694722148,-0.2433882246,-0.300432984,-1.759478705,1.067771939,-1.067054021,-0.1588781569,-0.635794848,0.6470973082,-0.3353031846,0.9024681872,-1.166617985,-0.2440876737,-0.1384571366,0.5439041686,-0.5270488878,1.846044785,-0.999622665,0.2884190157,-2.185846693,1,0,1,0,0,0,0
